{
"1": {"T":104,"x":300,"y":0,"z":270,"t":3, "spd":0.2, "acc":2},
"2": {"T":104,"x":315.3876719,"y":79.90253035,"z":34.64299644,"b":0.21322333,"s":0.342077716,"e":1.919009966,"t":4.336563687,"torB":0,"torS":220,"torE":40,"torH":0,"spd":0.2, "acc":2},
"3": {"T":104,"x":315.1634515,"y":79.32004153,"z":-13.94730836,"b":0.21322333,"s":0.507747641,"e":1.906738119,"t":4.338097668,"torB":0,"torS":32,"torE":24,"torH":0,"spd":0.2, "acc":2},
"4": {"T":104,"x":305.2659434,"y":82.73480264,"z":-5.18446624,"b":0.216291291,"s":0.484737929,"e":1.965029389,"t":4.219126782,"torB":0,"torS":28,"torE":20,"torH":0,"spd":0.2, "acc":2,"grab": true},
"5": {"T":104,"x":308.2168281,"y":82.21240325,"z":0.34073337,"b":0.220893233,"s":0.469398121,"e":1.965029389,"t":4.209126782,"torB":0,"torS":228,"torE":0,"torH":0, "spd":0.2, "acc":2},
"6": {"T":104,"x":333.9657227,"y":82.99451089,"z":105.10782398,"b":0.220893233,"s":0.308330138,"e":1.79168956,"t":3.781262642,"torB":0,"torS":0,"torE":0,"torH":0, "spd":0.2, "acc":2},
"7": {"T":104,"x":300,"y":0,"z":270,"t":3, "spd":0.2, "acc":2}
}
