{
	"1": {"T":104,"x":300,"y":0,"z":270,"t":3, "spd":0.2, "acc":2},
"2": {"T":104,"x":201.0802627,"y":-74.88355014,"z":21.25843853,"b":-0.34974762,"s":0.003067962,"e":2.445165376,"t":4.273670475,"torB":0,"torS":96,"torE":0,"torH":0,"spd":0.2, "acc":2},
"3": {"T":104,"x":201.1604906,"y":-74.91281266,"z":-20.39814359,"b":-0.34974762,"s":0.200951483,"e":2.445165376,"t":4.273670475,"torB":0,"torS":24,"torE":0,"torH":0,"spd":0.2, "acc":2},
"4": {"T":104,"x":182.5033847,"y":-74.78377288,"z":-23.67291049,"b":-0.357417524,"s":0.185611675,"e":2.51112655,"t":4.31939865,"torB":0,"torS":0,"torE":0,"torH":0,"spd":0.2, "acc":2,"grab": true},
"5": {"T":104,"x":184.9296691,"y":-72.9429719,"z":47.818207075,"b":-0.357417524,"s":0.090504866,"e":2.515728492,"t":4.267243303,"torB":0,"torS":36,"torE":20,"torH":20, "spd":0.2, "acc":2},
"6": {"T":104,"x":210.298784,"y":-69.47333414,"z":155.52289745,"b":-0.319068004,"s":-0.079767001,"e":2.371534298,"t":3.673010241,"torB":0,"torS":0,"torE":36,"torH":0, "spd":0.2, "acc":2},
"7": {"T":104,"x":300,"y":0,"z":270,"t":3, "spd":0.2, "acc":2}
}
