{
	"1": {"T":104,"x":300,"y":0,"z":270,"t":3, "spd":0.2, "acc":2},
"2": {"T":104,"x":236.3571145,"y":-9.154801463,"z":-10.32937545,"b":-0.0398835,"s":0.134990309,"e":2.471243049,"t":4.300039397,"torB":0,"torS":0,"torE":0,"torH":0,"spd":0.2, "acc":2},
"3": {"T":104,"x":221.5151813,"y":-5.777910355,"z":-16.62618284,"b":-0.026077673,"s":0.21475731,"e":2.396077991,"t":4.26446659,"torB":0,"torS":0,"torE":0,"torH":0,"spd":0.2, "acc":2,"grab": true},
"4": {"T":104,"x":235.5151813,"y":-1.777910355,"z":16.62618284,"b":-0.026077673,"s":0.21475731,"e":2.396077991,"t":4.16446659,"torB":0,"torS":0,"torE":0,"torH":0, "spd":0.2, "acc":2},
"5": {"T":104,"x":276.7084564,"y":-6.299059131,"z":175.26021853,"b":-0.021475731,"s":-0.047553404,"e":2.23807797,"t":3.830350027,"torB":0,"torS":0,"torE":0,"torH":0, "spd":0.2, "acc":2},
"6": {"T":104,"x":300,"y":0,"z":270,"t":3, "spd":0.2, "acc":2}
}
