{
"1": {"T":104,"x":300,"y":0,"z":270,"t":3, "spd":0.2, "acc":2},
"2": {"T":104,"x":35.6956107,"y":-38.07277815,"z":-25.14566093,"b":-0.81761176,"s":-0.392699082,"e":3.110913038,"t":4.919476387,"torB":0,"torS":0,"torE":0,"torH":0,"spd":0.2, "acc":2},
"3": {"T":104,"x":64.35265468,"y":-65.74973029,"z":-41.42815173,"b":-0.796136029,"s":0.059825251,"e":2.909961555,"t":4.902602598,"torB":0,"torS":0,"torE":0,"torH":0,"spd":0.2, "acc":2},
"4": {"T":104,"x":76.93318015,"y":-66.34285878,"z":-40.91496798,"b":-0.796136029,"s":0.13652429,"e":2.894621747,"t":4.899534637,"torB":0,"torS":0,"torE":0,"torH":0,"spd":0.2, "acc":2},
"5": {"T":104,"x":77.93318015,"y":-72.34285878,"z":-38.91496798,"b":-0.796136029,"s":0.13652429,"e":2.894621747,"t":4.579534637,"torB":0,"torS":0,"torE":0,"torH":0,"spd":0.2, "acc":2, "grab":true},
"6": {"T":104,"x":64.93318015,"y":-66.34285878,"z":-40.91496798,"b":-0.796136029,"s":0.13652429,"e":2.894621747,"t":4.899534637,"torB":0,"torS":0,"torE":0,"torH":0,"spd":0.2, "acc":2},
"7": {"T":104,"x":64.35265468,"y":-65.74973029,"z":-41.42815173,"b":-0.796136029,"s":0.059825251,"e":2.909961555,"t":4.902602598,"torB":0,"torS":0,"torE":0,"torH":0,"spd":0.2, "acc":2},
"8": {"T":104,"x":79.07767998,"y":-71.59904406,"z":150.46923717,"b":-0.796136029,"s":-0.372757331,"e":2.913029516,"t":3.604136579,"torB":0,"torS":0,"torE":0,"torH":0,"spd":0.2, "acc":2},
"9": {"T":104,"x":300,"y":0,"z":270,"t":3, "spd":0.2, "acc":2}
}

