{
	"1": {"T":104,"x":300,"y":0,"z":270,"t":3, "spd":0.2, "acc":2},
"2": {"T":104,"x":132.7859505,"y":-40.47770392,"z":25.85429084,"b":-0.246970907,"s":-0.299126254,"e":2.751961533,"t":3.939262663,"torB":0,"torS":0,"torE":0,"torH":0,"spd":0.2, "acc":2},
"3":{"T":104,"x":120.7791015,"y":-41.65192636,"z":-9.977567848,"b":-0.302194215,"s":-0.13652429,"e":2.799514938,"t":4.177029685,"torB":0,"torS":0,"torE":0,"torH":0,"spd":0.2, "acc":2, "grab": true},
"4": {"T":104,"x":115.7203362,"y":-28.98643525,"z":22.72806447,"b":-0.245436926,"s":-0.431048601,"e":2.82252465,"t":4.175495705,"torB":52,"torS":0,"torE":28,"torH":0,"spd":0.2, "acc":2},
"5": {"T":104,"x":165.2392811,"y":-40.8519417,"z":106.5938049,"b":-0.242368964,"s":-0.487805891,"e":2.488116838,"t":3.454524734,"torB":0,"torS":24,"torE":28,"torH":0,"spd":0.2, "acc":2},
"6": {"T":104,"x":300,"y":0,"z":270,"t":3, "spd":0.2, "acc":2}
}
