{
"1": {"T":104,"x":300,"y":0,"z":270,"t":3, "spd":0.2, "acc":2},
"2": {"T":104,"x":335.3775832,"y":52.80061264,"z":48.55614876,"b":0.150330117,"s":0.40957287,"e":1.843844907,"t":4.022097626,"torB":0,"torS":0,"torE":0,"torH":0,"spd":0.2, "acc":2},
"3": {"T":104,"x":335.3775832,"y":52.80061264,"z":28.55614876,"b":0.150330117,"s":0.40957287,"e":1.843844907,"t":4.022097626,"torB":0,"torS":0,"torE":0,"torH":0,"spd":0.2, "acc":2},
"4": {"T":104,"x":313.4756475,"y":53.46732082,"z":1.064692159,"b":0.153398079,"s":0.420310736,"e":1.960427447,"t":4.022097626,"torB":0,"torS":24,"torE":48,"torH":0,"spd":0.2, "acc":2,"grab": true},
"5": {"T":104,"x":314.9158804,"y":54.07154828,"z":15.90812205,"b":0.153398079,"s":0.366621408,"e":1.971165312,"t":4.022097626,"torB":0,"torS":136,"torE":36,"torH":0, "spd":0.2, "acc":2},
"6": {"T":104,"x":327.1488574,"y":55.69687258,"z":129.5294631,"b":0.165669925,"s":0.151864098,"e":1.799359464,"t":3.626330583,"torB":0,"torS":0,"torE":0,"torH":0, "spd":0.2, "acc":2},
"7": {"T":104,"x":300,"y":0,"z":270,"t":3, "spd":0.2, "acc":2}
}
