{
"1": {"T":104,"x":300,"y":0,"z":270,"t":3, "spd":0.2, "acc":2},
"2": {"T":104,"x":299.0263243,"y":-120.0918173,"z":49.49561774,"b":-0.400368986,"s":0.319068004,"e":2.026388621,"t":4.060447146,"torB":0,"torS":0,"torE":0,"torH":0,"spd":0.2, "acc":2},
"3": {"T":104,"x":293.0263243,"y":-120.0918173,"z":19.49561774,"b":-0.400368986,"s":0.319068004,"e":2.026388621,"t":4.060447146,"torB":0,"torS":0,"torE":0,"torH":0,"spd":0.2, "acc":2},
"4": {"T":104,"x":272.0588251,"y":-123.142975,"z":-5.341444489,"b":-0.400368986,"s":0.391165101,"e":2.06473814,"t":4.061981126,"torB":0,"torS":0,"torE":0,"torH":0,"spd":0.2, "acc":2,"grab": true},
"5": {"T":104,"x":282.1693433,"y":-121.6416912,"z":4.092313379,"b":-0.394233062,"s":0.346679658,"e":2.06320416,"t":4.048175299,"torB":0,"torS":152,"torE":24,"torH":0, "spd":0.2, "acc":2},
"6": {"T":104,"x":285.5987038,"y":-120.3267049,"z":100.9376575,"b":-0.395767043,"s":0.133456329,"e":1.919009966,"t":3.775126719,"torB":0,"torS":20,"torE":20,"torH":0, "spd":0.2, "acc":2},
"7": {"T":104,"x":300,"y":0,"z":270,"t":3, "spd":0.2, "acc":2}
}
