{
"1": {"T":104,"x":300,"y":0,"z":270,"t":3, "spd":0.2, "acc":2},
"2": {"T":104,"x":177.4376316,"y":109.2451605,"z":29.18791542,"b":0.535359295,"s":-0.044485443,"e":2.455903241,"t":4.440874381,"torB":0,"torS":-20,"torE":24,"torH":0,"spd":0.2, "acc":2},
"3": {"T":104,"x":178.7570535,"y":108.0277609,"z":-31.04107458,"b":0.535359295,"s":0.250038868,"e":2.448233337,"t":4.440874381,"torB":0,"torS":0,"torE":92,"torH":0,"spd":0.2, "acc":2,"grab": true},
"4": {"T":104,"x":212.3632685,"y":120.284414,"z":14.48999456,"b":0.535359295,"s":0.088970886,"e":2.377670221,"t":4.081922877,"torB":0,"torS":0,"torE":20,"torH":0, "spd":0.2, "acc":2},
"5": {"T":104,"x":220.3632685,"y":125.284414,"z":144.48999456,"b":0.535359295,"s":0.088970886,"e":2.377670221,"t":3.681922877,"torB":0,"torS":0,"torE":20,"torH":0, "spd":0.2, "acc":2},
"6": {"T":104,"x":300,"y":0,"z":270,"t":3, "spd":0.2, "acc":2}
}
