{
	"1": {"T":104,"x":300,"y":0,"z":270,"t":3, "spd":0.2, "acc":2},
"2": {"T":104,"x":139.5265377,"y":-11.237389317,"z":11.26705143,"b":-0.059825251,"s":-0.243902945,"e":2.751961533,"t":4.353437476,"torB":0,"torS":24,"torE":0,"torH":0,"spd":0.2, "acc":2},
"3":{"T":104,"x":139.5751333,"y":-11.180403309,"z":-24.321809,"b":-0.059825251,"s":0.016873789,"e":2.748893572,"t":4.353437476,"torB":0,"torS":0,"torE":0,"torH":0,"spd":0.2, "acc":2,"grab": true},
"4": {"T":104,"x":134.4329334,"y":-8.259069096,"z":23.77893568,"b":-0.061359232,"s":-0.343611696,"e":2.758097457,"t":4.20464134,"torB":0,"torS":0,"torE":0,"torH":84, "spd":0.2, "acc":2},
"5": {"T":104,"x":176.2963493,"y":-11.10248643,"z":105.0005818,"b":-0.062893212,"s":-0.449456371,"e":2.468175088,"t":3.689223795,"torB":0,"torS":20,"torE":32,"torH":-24, "spd":0.2, "acc":2},
"6": {"T":104,"x":300,"y":0,"z":270,"t":3, "spd":0.2, "acc":2}
}
