{
  "1": {"T":104,"x":300,"y":0,"z":270,"t":3, "spd":0.2, "acc":2},
  "2": {"T":104,"x":71.52831967,"y":-20.48695652,"z":20.09799024,"b":-0.283786446,"s":-0.432582582,"e":3.087903326,"t":4.384777326,"torB":0,"torS":0,"torE":0,"torH":0,"spd":0.2, "acc":2},
  "3": {"T":104,"x":68.22786363,"y":-24.19088457,"z":-31.03979262,"b":-0.283786446,"s":-0.188679637,"e":3.014272248,"t":4.505359824,"torB":0,"torS":0,"torE":0,"torH":0,"spd":0.2, "acc":2,"grab": true}, 
  "4": {"T":104,"x":71.52831967,"y":-23.48695652,"z":50.09799024,"b":-0.283786446,"s":-0.432582582,"e":3.087903326,"t":3.684777326,"torB":0,"torS":0,"torE":0,"torH":0,"spd":0.2, "acc":2},
    "5": {
    "T": 104,
    "x": 101.8815726,
    "y": -26.886973768,
    "z": 150.2611128,
    "b": -0.067495155,
    "s": -0.926524396,
    "e": 2.716679975,
    "t": 3.262194638,
    "torB": 0,
    "torS": 0,
    "torE": 0,
    "torH": 0,
    "spd": 0.2,
    "acc": 2
  },
  "6": {"T":104,"x":300,"y":0,"z":270,"t":3, "spd":0.2, "acc":2}
}
