
{
  "1": {"T":104,"x":300,"y":0,"z":270,"t":3, "spd":0.2, "acc":2},
  "2":{"T":104,"x":43.85798411,"y":7.748762188,"z":14.56639599,"b":0.17487381,"s":-1.483359422,"e":3.183010135,"t":4.605010325,"torB":0,"torS":0,"torE":0,"torH":0,"spd":0.2, "acc":2},
  "3": {"T":104,"x":59.63356684,"y":8.785757283,"z":-35.07495187,"b":0.171805848,"s":-0.162601964,"e":3.087903326,"t":4.605010325,"torB":0,"torS":0,"torE":0,"torH":0,"spd":0.2, "acc":2,"grab": true}, 
"4": {"T":104,"x":59.33441948,"y":15.05610508,"z":-10.3179208,"t":4.491495747,"spd":0.2, "acc":2},
"5": {"T":104,"x":61.1,"y":15.21,"z":35,"t":3.826408319,"spd":0.2, "acc":2},
"6": {"T":104,"x":78.1,"y":15.21,"z":155,"t":3.46408319,"spd":0.2, "acc":2},
  "7": {"T":104,"x":300,"y":0,"z":270,"t":3, "spd":0.2, "acc":2}
}
