{
"7": {"T":104,"x":300,"y":0,"z":270,"t":3, "spd":0.2, "acc":2},
"6": {"T":104,"x":285.9120967,"y":-49.83151701,"z":56.14060308,"b":-0.134990309,"s":0.162601964,"e":2.072408044,"t":4.163223858,"torB":0,"torS":148,"torE":0,"torH":0,"spd":0.2, "acc":2},
"5": {"T":104,"x":288.2625374,"y":-49.55819395,"z":-2.581605423,"b":-0.134990309,"s":0.363553447,"e":2.072408044,"t":4.163223858,"torB":0,"torS":0,"torE":0,"torH":0,"spd":0.2, "acc":2},
"4": {"T":104,"x":260.5090306,"y":-46.19568334,"z":-23.9426256,"b":-0.138058271,"s":0.357417524,"e":2.210466315,"t":4.313553976,"torB":0,"torS":0,"torE":20,"torH":0,"spd":0.2, "acc":2,"release": true},
"3": {"T":104,"x":259.8359471,"y":-46.10216368,"z":-6.221102729,"b":-0.138058271,"s":0.285320427,"e":2.218136219,"t":4.313553976,"torB":0,"torS":0,"torE":24,"torH":0, "spd":0.2, "acc":2},
"2": {"T":104,"x":284.916126,"y":-42.69624797,"z":93.84609647,"b":-0.134990309,"s":0.111980598,"e":2.058602217,"t":3.954602471,"torB":0,"torS":0,"torE":0,"torH":0, "spd":0.2, "acc":2},
"1": {"T":104,"x":300,"y":0,"z":270,"t":3, "spd":0.2, "acc":2}
}

