{
	"6": {"T":104,"x":300,"y":0,"z":270,"t":3, "spd":0.2, "acc":2},
"5": {"T":104,"x":110.7241757,"y":-90.00555475,"z":0.403151396,"b":-0.607456392,"s":-0.111980598,"e":2.699806187,"t":4.487185053,"torB":0,"torS":28,"torE":124,"torH":-36,"spd":0.2, "acc":2},
"4": {"T":104,"x":109.6536169,"y":-91.35119029,"z":-25.46971202,"b":-0.64273795,"s":0.059825251,"e":2.710544052,"t":4.495651073,"torB":56,"torS":24,"torE":0,"torH":0,"spd":0.2, "acc":2,"release": true},
"3": {"T":104,"x":110.8965469,"y":-91.71868527,"z":15.534402676,"b":-0.639669989,"s":-0.093572828,"e":2.715145995,"t":4.304350091,"torB":0,"torS":20,"torE":0,"torH":28, "spd":0.2, "acc":2},
"2": {"T":104,"x":153.1184801,"y":-110.9248953,"z":199.27335702,"b":-0.639669989,"s":-0.362019466,"e":2.426757606,"t":3.630932525,"torB":0,"torS":0,"torE":40,"torH":-60, "spd":0.2, "acc":2},
"1": {"T":104,"x":300,"y":0,"z":270,"t":3, "spd":0.2, "acc":2}
}
