{
  "6": {"T":104,"x":300,"y":0,"z":270,"t":3, "spd":0.2, "acc":2},
  "5":{"T":104,"x":68.34968689,"y":64.4594865,"z":35,"t":4.126408319,"spd":0.2, "acc":2},
  "4": {"T":104,"x":68.58301944,"y":64.49883772,"z":-23.33796032,"t":4.408660784,"spd":0.2, "acc":2,"release": true}, 
	"3": {"T":104,"x":68.74641714,"y":64.4998753,"z":52,"t":3.804854957,"spd":0.2, "acc":2},
"2": {"T":104,"x":68.05489504,"y":64.53967944,"z":92.14155227,"t":3.790466527,"spd":0.2, "acc":2},
  "1": {"T":104,"x":300,"y":0,"z":270,"t":3, "spd":0.2, "acc":2}
}
