{
	"7": {"T":104,"x":300,"y":0,"z":270,"t":3, "spd":0.2, "acc":2},
"6": {"T":104,"x":136.0629552,"y":56.11474818,"z":146.46930817,"b":0.391165101,"s":-0.400368986,"e":2.684466379,"t":3.775126719,"torB":0,"torS":0,"torE":20,"torH":0,"spd":0.2, "acc":2},
"6":{"T":104,"x":118.2402554,"y":47.57151813,"z":-11.72316283,"b":0.360485485,"s":-0.122718463,"e":2.799514938,"t":4.172427743,"torB":0,"torS":0,"torE":0,"torH":0,"spd":0.2, "acc":2, "release": true},
"4": {"T":104,"x":120.8489982,"y":46.49448601,"z":4.638382835,"b":0.362019466,"s":-0.27304858,"e":2.816388727,"t":4.101864627,"torB":0,"torS":0,"torE":24,"torH":2,"spd":0.2, "acc":2},
"3": {"T":104,"x":120.8489982,"y":46.49448601,"z":85.638382835,"b":0.362019466,"s":-0.27304858,"e":2.816388727,"t":4.101864627,"torB":0,"torS":0,"torE":24,"torH":2,"spd":0.2, "acc":2},
"2": {"T":104,"x":147.9464374,"y":55.76947794,"z":185.02214573,"b":0.360485485,"s":-0.493941814,"e":2.578621704,"t":3.564971351,"torB":0,"torS":0,"torE":0,"torH":0,"spd":0.2, "acc":2},
"1": {"T":104,"x":300,"y":0,"z":270,"t":3, "spd":0.2, "acc":2}
}


