{
  "5": {"T":104,"x":300,"y":0,"z":270,"t":3, "spd":0.2, "acc":2},
  "4": {"T":104,"x":84.34968689,"y":105.4594865,"z":35,"t":4.126408319,"spd":0.2, "acc":2},
  "3": {"T":1041,"x":78.82978735,"y":96.67490121,"z":-22.55182729,"t":4.34116563, "release": true}, 
  "2": {"T":104,"x":76.90091042,"y":92.92253399,"z":55.973729656,"t":4.339631649,"spd":0.2, "acc":2},
  "1": {"T":104,"x":300,"y":0,"z":270,"t":3, "spd":0.2, "acc":2}
}

