{
  "7": {"T":104,"x":300,"y":0,"z":270,"t":3, "spd":0.3, "acc":5},
   "6": {"T":104,"x":310.9650499,"y":0,"z":270,"t":4.080388896, "spd":0.3, "acc":5},
  "5": {"T":104,"x":309.9650499,"y":-14.00794656,"z":-5.4452438,"t":4.080388896, "spd":0.3, "acc":5, "release": true},
  "4": {"T":104,"x":320.9650499,"y":-14.00794656,"z":45.4452438,"t":4, "spd":0.3, "acc":5},
  "3": {"T":104,"x":300,"y":0,"z":135,"t":3.9, "spd":0.3, "acc":5}, 
  "2": {"T":104,"x":300,"y":0,"z":175,"t":3.5, "spd":0.3, "acc":5},
  "1": {"T":104,"x":300,"y":0,"z":270,"t":3, "spd":0.3, "acc":5}
}
