{
	"1": {"T":104,"x":300,"y":0,"z":270,"t":3, "spd":0.2, "acc":2},
"2": {"T":104,"x":130.0967652,"y":43.07917679,"z":-2.782095328,"b":0.277650523,"s":-0.15493206,"e":2.76423338,"t":4.572796729,"torB":0,"torS":0,"torE":0,"torH":0,"spd":0.2, "acc":2},
"3": {"T":104,"x":130.5123126,"y":43.19761293,"z":-36.0993354,"b":0.277650523,"s":0.107378655,"e":2.742757649,"t":4.571262748,"torB":0,"torS":36,"torE":20,"torH":0,"grab": true},
"4": {"T":104,"x":134.5606116,"y":40.35142788,"z":-6.342386048,"b":0.277650523,"s":-0.108912636,"e":2.74429163,"t":4.470020016,"torB":0,"torS":0,"torE":0,"torH":20, "spd":0.2, "acc":2},
"5": {"T":104,"x":192.2080633,"y":55.73930545,"z":113.9838618,"b":0.282252465,"s":-0.352815581,"e":2.360796433,"t":3.62172864,"torB":0,"torS":0,"torE":0,"torH":0, "spd":0.2, "acc":2},
"6": {"T":104,"x":300,"y":0,"z":270,"t":3, "spd":0.2, "acc":2}
}
