{
	"1": {"T":104,"x":300,"y":0,"z":270,"t":3, "spd":0.2, "acc":2},
"2": {"T":104,"x":199.3176728,"y":20.32240828,"z":15.30523618,"b":0.09664079,"s":-0.004601942,"e":2.488116838,"t":4.410194765,"torB":0,"torS":92,"torE":0,"torH":0,"spd":0.2, "acc":2},
"3": {"T":104,"x":199.086208,"y":21.29996944,"z":-21.71785219,"b":0.09664079,"s":0.181009733,"e":2.486582857,"t":4.410194765,"torB":0,"torS":0,"torE":0,"torH":0,"spd":0.2, "acc":2},
"4": {"T":104,"x":174.3236799,"y":18.56334948,"z":-20.62196227,"b":0.09817477,"s":0.128854386,"e":2.574019762,"t":4.354971457,"torB":0,"torS":0,"torE":0,"torH":0,"spd":0.2, "acc":2,"grab": true},
"5": {"T":104,"x":181.8279095,"y":20.44673448,"z":18.17608107,"b":0.111980598,"s":-0.084368943,"e":2.560213935,"t":4.20464134,"torB":0,"torS":28,"torE":36,"torH":20, "spd":0.2, "acc":2},
"6": {"T":104,"x":220.5438497,"y":24.45785235,"z":115.4068515,"b":0.110446617,"s":-0.254640811,"e":2.273359528,"t":3.609456794,"torB":0,"torS":0,"torE":0,"torH":0, "spd":0.2, "acc":2},
"7": {"T":104,"x":300,"y":0,"z":270,"t":3, "spd":0.2, "acc":2}
}
