{
"1": {"T":104,"x":300,"y":0,"z":270,"t":3, "spd":0.2, "acc":2},
"2": {"T":104,"x":205.3571145,"y":-13.154801463,"z":-10.32937545,"b":-0.0398835,"s":0.134990309,"e":2.471243049,"t":4.300039397,"torB":0,"torS":0,"torE":0,"torH":0,"spd":0.2, "acc":2},
"3": {"T":104,"x":187.9013267,"y":-12.828293911,"z":-12.12586744,"b":-0.041417481,"s":0.13652429,"e":2.534136262,"t":4.200039397,"torB":0,"torS":0,"torE":0,"torH":0,"spd":0.2, "acc":2,"grab": true},
"4": {"T":104,"x":187.9363298,"y":-11.788303303,"z":21.35020415,"b":-0.041417481,"s":-0.079767001,"e":2.537204223,"t":4.104932588,"torB":0,"torS":32,"torE":0,"torH":0, "spd":0.2, "acc":2},
"5": {"T":104,"x":218.5971363,"y":-8.723044714,"z":123.339006,"b":-0.0398835,"s":-0.285320427,"e":2.268757585,"t":3.502078139,"torB":0,"torS":0,"torE":0,"torH":0, "spd":0.2, "acc":2},
"6": {"T":104,"x":300,"y":0,"z":270,"t":3, "spd":0.2, "acc":2}
}
