{
"1": {"T":104,"x":300,"y":0,"z":270,"t":3, "spd":0.2, "acc":2},
"2": {"T":104,"x":190.9886389,"y":81.03712594,"z":24.85864402,"b":0.395767043,"s":-0.147262156,"e":2.481980915,"t":4.227651051,"torB":0,"torS":44,"torE":20,"torH":0,"spd":0.2, "acc":2},
"3": {"T":104,"x":194.7124087,"y":81.92261517,"z":-17.50695155,"b":0.394233062,"s":0.148796136,"e":2.466641107,"t":4.213845224,"torB":0,"torS":0,"torE":104,"torH":0,"torH":0,"spd":0.2, "acc":2,"grab": true},
"4": {"T":104,"x":190.3337341,"y":80.52381093,"z":16.37008761,"b":0.395767043,"s":0.012271846,"e":2.462039165,"t":4.109534531,"torB":0,"torS":0,"torE":32,"torH":20, "spd":0.2, "acc":2},
"5": {"T":104,"x":211.5693232,"y":88.39630527,"z":196.0689178,"b":0.395767043,"s":-0.329805869,"e":2.035592506,"t":3.492874254,"torB":0,"torS":0,"torE":40,"torH":0, "spd":0.2, "acc":2},
"6": {"T":104,"x":300,"y":0,"z":270,"t":3, "spd":0.2, "acc":2}
}
