{
"1": {"T":104,"x":300,"y":0,"z":270,"t":3, "spd":0.2, "acc":2},
"2": {"T":104,"x":148.83869,"y":-62.45500766,"z":8.919148175,"b":-0.397301024,"s":-0.121184482,"e":2.653786763,"t":4.41939865,"torB":0,"torS":0,"torE":0,"torH":0,"spd":0.2, "acc":2},
"3": {"T":104,"x":166.3346086,"y":-66.0289541,"z":-13.54474535,"b":-0.381961216,"s":0.052155347,"e":2.60930132,"t":4.41939865,"torB":0,"torS":0,"torE":0,"torH":0,"spd":0.2, "acc":2},
"4": {"T":104,"x":145.0664781,"y":-62.28279356,"z":-22.87225039,"b":-0.403436947,"s":0.127320405,"e":2.632311032,"t":4.3994569,"torB":0,"torS":24,"torE":0,"torH":0,"spd":0.2, "acc":2,"grab": true},
"5": {"T":104,"x":145.5513546,"y":-62.12866061,"z":-5.900441342,"b":-0.403436947,"s":-0.041417481,"e":2.66759259,"t":4.336563687,"torB":0,"torS":0,"torE":28,"torH":0, "spd":0.2, "acc":2},
"6": {"T":104,"x":194.3230955,"y":-82.94689996,"z":102.5587913,"b":-0.403436947,"s":-0.27304858,"e":2.340854682,"t":3.584913101,"torB":0,"torS":0,"torE":0,"torH":0, "spd":0.2, "acc":2},
"7": {"T":104,"x":300,"y":0,"z":270,"t":3, "spd":0.2, "acc":2}
}
