{"1": {"T":1041,"x":266.7793765,"y":27.10213604,"z":289.8814947,"b":0.101242732,"s":-0.15646604,"e":1.543184673,"t":2.830194554,"torB":0,"torS":20,"torE":0,"torH":80},
"2": {"T":1041,"x":371.5669543,"y":-82.83963725,"z":103.9704416,"b":-0.219359253,"s":0.400368986,"e":1.544718653,"t":2.672194532,"torB":0,"torS":32,"torE":0,"torH":76},
"3": {"T":1041,"x":416.8730936,"y":-123.6689477,"z":-7.723370848,"b":-0.288388388,"s":0.831417587,"e":1.283941919,"t":2.411417799,"torB":0,"torS":36,"torE":-68,"torH":0},
"4": {"T":1041,"x":406.9497626,"y":-61.6418577,"z":-24.0247301,"b":-0.288388388,"s":0.852893318,"e":1.346835132,"t":2.796446976,"torB":0,"torS":40,"torE":0,"torH":-604},
"5": {"T":1041,"x":284.9638162,"y":-84.53693899,"z":304.6092546,"b":-0.288388388,"s":-0.01994175,"e":1.348369113,"t":2.795767361,"torB":0,"torS":152,"torE":0,"torH":-32},
"6": {"T":1041,"x":271.170148,"y":17.91268745,"z":129.5282884,"b":0.065961174,"s":-0.069029135,"e":2.038660467,"t":2.795097457,"torB":136,"torS":0,"torE":0,"torH":0}
    
}
