{
"1": {"T":104,"x":300,"y":0,"z":270,"t":3, "spd":0.2, "acc":2},
"2": {"T":104,"x":275.1263459,"y":-82.33822861,"z":53.25961917,"b":-0.23316508,"s":0.150330117,"e":2.101553679,"t":4.215379205,"torB":0,"torS":136,"torE":28,"torH":0,"spd":0.2, "acc":2},
"3": {"T":104,"x":291.334152,"y":-85.18139756,"z":-7.27245725,"b":-0.234699061,"s":0.414174813,"e":2.054000275,"t":4.215379205,"torB":0,"torS":0,"torE":0,"torH":0,"spd":0.2, "acc":2},
"4": {"T":104,"x":268.1345891,"y":-85.43456211,"z":-5.65768114,"b":-0.263844696,"s":0.383495197,"e":2.144505141,"t":4.215379205,"torB":0,"torS":0,"torE":0,"torH":0,"spd":0.2, "acc":2,"grab": true},
"5": {"T":104,"x":270.0976037,"y":-86.42457079,"z":10.22141505,"b":-0.263844696,"s":0.366621408,"e":2.146039122,"t":4.215379205,"torB":0,"torS":228,"torE":0,"torH":0, "spd":0.2, "acc":2},
"6": {"T":104,"x":301.4153509,"y":-80.92920975,"z":110.7780362,"b":-0.262310715,"s":0.131922348,"e":1.897534235,"t":3.68001991,"torB":0,"torS":0,"torE":0,"torH":0, "spd":0.2, "acc":2},
"7": {"T":104,"x":300,"y":0,"z":270,"t":3, "spd":0.2, "acc":2}
}
