{
  "1": {"T":104,"x":300,"y":0,"z":270,"t":3, "spd":0.2, "acc":2},
  "2":{"T":104,"x":61.1,"y":31.21,"z":35,"t":4.026408319,"spd":0.2, "acc":2},
  "3": {"T":104,"x":67.97726225,"y":38.51553528,"z":-22.88173145,"t":4.367243303,"spd":0.2, "acc":2}, 
"4": {"T":104,"x":79.74949494,"y":40.5895447,"z":-16.73000292,"t":4.35971457,"spd":0.2, "acc":2,"grab": true},
"5": {"T":104,"x":67.89200718,"y":38.67431306,"z":-14.16031256,"t":4.434738458},
"6": {"T":104,"x":61.1,"y":38.21,"z":35,"t":4.026408319,"spd":0.2, "acc":2},
"7": {"T":104,"x":78.1,"y":38.21,"z":155,"t":3.46408319,"spd":0.2, "acc":2},
  "8": {"T":104,"x":300,"y":0,"z":270,"t":3, "spd":0.2, "acc":2}
}
