{
	"1": {"T":104,"x":300,"y":0,"z":270,"t":3, "spd":0.2, "acc":2},
"2": {"T":104,"x":122.3399666,"y":-8.822071104,"z":3.645173889,"b":-0.047553404,"s":-0.266912657,"e":2.817922707,"t":4.407126804,"torB":0,"torS":68,"torE":32,"torH":0,"spd":0.2, "acc":2},
"3": {"T":104,"x":127.6987066,"y":-8.877089692,"z":-24.60493547,"b":-0.047553404,"s":-0.009203885,"e":2.785709111,"t":4.408660784,"torB":0,"torS":0,"torE":0,"torH":0,"spd":0.2, "acc":2},
"4": {"T":104,"x":99.71151087,"y":-8.745199156,"z":-24.05167517,"b":-0.047553404,"s":-0.115048559,"e":2.902291651,"t":4.407126804,"torB":0,"torS":0,"torE":0,"torH":0,"spd":0.2, "acc":2,"grab": true},
"5": {"T":104,"x":105.8092522,"y":-8.740964108,"z":-3.729236691,"b":-0.033747577,"s":-0.266912657,"e":2.867010093,"t":4.198214168,"torB":0,"torS":0,"torE":0,"torH":20,"spd":0.2, "acc":2},
"6": {"T":104,"x":112.4831637,"y":-7.438923526,"z":100.702903,"b":-0.033747577,"s":-0.704097182,"e":2.636912974,"t":3.670816025,"torB":0,"torS":0,"torE":36,"torH":0,"spd":0.2, "acc":2},
"7": {"T":104,"x":300,"y":0,"z":270,"t":3, "spd":0.2, "acc":2}
}

