{
"1": {"T":104,"x":300,"y":0,"z":270,"t":3, "spd":0.2, "acc":2},
"2": {"T":104,"x":234.0289422,"y":-94.84163143,"z":50.518351167,"b":-0.385029178,"s":0.230097118,"e":2.262621662,"t":4.391786996,"torB":0,"torS":0,"torE":0,"torH":0,"spd":0.2, "acc":2},
"3": {"T":104,"x":234.0289422,"y":-104.84163143,"z":0.518351167,"b":-0.385029178,"s":0.230097118,"e":2.262621662,"t":4.391786996,"torB":0,"torS":0,"torE":0,"torH":0,"spd":0.2, "acc":2},
"4": {"T":104,"x":236.1760719,"y":-104.71176862,"z":-20.20607329,"b":-0.385029178,"s":0.34974762,"e":2.245747873,"t":4.390253015,"torB":0,"torS":0,"torE":0,"torH":0,"spd":0.2, "acc":2},
"5": {"T":104,"x":234.0436946,"y":-106.4468725,"z":-5.28623225,"b":-0.414174813,"s":0.29145635,"e":2.251883797,"t":4.203107359,"torB":0,"torS":0,"torE":0,"torH":0,"spd":0.2, "acc":2,"grab": true},
"6": {"T":104,"x":241.8856655,"y":-107.27309797,"z":0.56045446,"b":-0.403436947,"s":0.265378676,"e":2.282563412,"t":4.219981147,"torB":0,"torS":0,"torE":56,"torH":0, "spd":0.2, "acc":2},
"7": {"T":104,"x":268.1939125,"y":-114.9653729,"z":127.5350221,"b":-0.404970928,"s":0.015339808,"e":1.954291524,"t":3.571107274,"torB":0,"torS":0,"torE":0,"torH":0, "spd":0.2, "acc":2},
"8": {"T":104,"x":300,"y":0,"z":270,"t":3, "spd":0.2, "acc":2}
}
