{
"7": {"T":104,"x":300,"y":0,"z":270,"t":3, "spd":0.2, "acc":2},
"6": {"T":104,"x":193.9593806,"y":-41.58091958,"z":-8.935620734,"b":-0.196349541,"s":0.107378655,"e":2.500388684,"t":4.476155939,"torB":0,"torS":24,"torE":20,"torH":0,"spd":0.2, "acc":2},
"5": {"T":104,"x":192.6881633,"y":-42.32805873,"z":-25.13476678,"b":-0.196349541,"s":0.250038868,"e":2.49271878,"t":4.476155939,"torB":0,"torS":24,"torE":24,"torH":0,"spd":0.2, "acc":2},
"4": {"T":104,"x":175.597635,"y":-42.45583176,"z":-27.86897163,"b":-0.210155368,"s":0.161067983,"e":2.56941782,"t":4.433204477,"torB":0,"torS":0,"torE":0,"torH":0,"spd":0.2, "acc":2,"release": true},
"3": {"T":104,"x":177.5656251,"y":-37.87561365,"z":-7.073541232,"b":-0.210155368,"s":0.046019424,"e":2.56941782,"t":4.376447188,"torB":0,"torS":92,"torE":0,"torH":0, "spd":0.2, "acc":2},
"2": {"T":104,"x":201.0226223,"y":-42.55681561,"z":93.47674925,"b":-0.208621387,"s":-0.276116542,"e":2.380738183,"t":3.827282066,"torB":0,"torS":0,"torE":0,"torH":0, "spd":0.2, "acc":2},
"1": {"T":104,"x":300,"y":0,"z":270,"t":3, "spd":0.2, "acc":2}
}

