{
"7": {"T":104,"x":300,"y":0,"z":270,"t":3, "spd":0.2, "acc":2},
"6": {"T":104,"x":205.3571145,"y":-8.154801463,"z":-10.32937545,"b":-0.0398835,"s":0.134990309,"e":2.471243049,"t":4.300039397,"torB":0,"torS":0,"torE":0,"torH":0,"spd":0.2, "acc":2},
"5": {"T":104,"x":183.9013267,"y":-8.828293911,"z":-14.12586744,"b":-0.041417481,"s":0.13652429,"e":2.534136262,"t":4.210039397,"torB":0,"torS":0,"torE":0,"torH":0,"spd":0.2, "acc":2,"release": true},
"4": {"T":104,"x":190.9363298,"y":-7.588303303,"z":17.35020415,"b":-0.041417481,"s":-0.079767001,"e":2.537204223,"t":4.244932588,"torB":0,"torS":32,"torE":0,"torH":0, "spd":0.2, "acc":2},
"3": {"T":104,"x":190.5971363,"y":-10.723044714,"z":53.339006,"b":-0.0398835,"s":-0.285320427,"e":2.268757585,"t":4.12078139,"torB":0,"torS":0,"torE":0,"torH":0, "spd":0.2, "acc":2},
"2": {"T":104,"x":200.5971363,"y":-10.723044714,"z":123.339006,"b":-0.0398835,"s":-0.285320427,"e":2.268757585,"t":3.82078139,"torB":0,"torS":0,"torE":0,"torH":0, "spd":0.2, "acc":2},
"1": {"T":104,"x":300,"y":0,"z":270,"t":3, "spd":0.2, "acc":2}
}
