{
  "7": {"T":104,"x":300,"y":0,"z":270,"t":3, "spd":0.2, "acc":2},
  "6":{"T":104,"x":61.1,"y":31.21,"z":35,"t":4.026408319,"spd":0.2, "acc":2},
  "5": {"T":104,"x":67.97726225,"y":38.51553528,"z":-22.88173145,"t":4.367243303,"release":true}, 
"4": {"T":104,"x":67.89200718,"y":38.67431306,"z":-14.16031256,"t":4.434738458},
"3": {"T":104,"x":61.1,"y":38.21,"z":35,"t":4.026408319,"spd":0.2, "acc":2},
"2": {"T":104,"x":78.1,"y":38.21,"z":155,"t":3.46408319,"spd":0.2, "acc":2},
  "1": {"T":104,"x":300,"y":0,"z":270,"t":3, "spd":0.2, "acc":2}
}
