{
  "7": {"T":104,"x":300,"y":0,"z":270,"t":3, "spd":0.2, "acc":2},
  "6":{"T":104,"x":91.7561841,"y":26.05674116,"z":26.61673549,"t":3.908583048,"spd":0.2, "acc":2},
  "5": {"T":1041,"x":57.32676228,"y":13.80014612,"z":-31.29301187,"t":4.503767593,"spd":0.2, "acc":2,"release": true}, 
"4": {"T":1041,"x":59.33441948,"y":15.05610508,"z":-10.3179208,"t":4.491495747,"spd":0.2, "acc":2},
"3": {"T":104,"x":61.1,"y":15.21,"z":35,"t":3.826408319,"spd":0.2, "acc":2},
"2": {"T":104,"x":78.1,"y":15.21,"z":155,"t":3.46408319,"spd":0.2, "acc":2},
  "1": {"T":104,"x":300,"y":0,"z":270,"t":3, "spd":0.2, "acc":2}
}

