{
	"6": {"T":104,"x":300,"y":0,"z":270,"t":3, "spd":0.2, "acc":2},
"5": {"T":104,"x":154.3406435,"y":-93.47633082,"z":13.8559969,"b":-0.54456318,"s":-0.072097097,"e":2.572485781,"t":4.408660784,"torB":0,"torS":-32,"torE":20,"torH":0,"spd":0.2, "acc":2},
"4":{"T":104,"x":151.8291668,"y":-91.77220469,"z":-15.40885615,"b":-0.54456318,"s":0.150330117,"e":2.564815877,"t":4.269660784,"torB":0,"torS":0,"torE":0,"torH":0,"spd":0.2, "acc":2,"release": true},
"3": {"T":104,"x":151.6531784,"y":-91.84866895,"z":28.14753587,"b":-0.54456318,"s":-0.158000021,"e":2.578621704,"t":4.255262706,"torB":0,"torS":0,"torE":0,"torH":20, "spd":0.2, "acc":2},
"2": {"T":104,"x":193.9769606,"y":-116.6701435,"z":111.9185681,"b":-0.541495218,"s":-0.227029157,"e":2.262621662,"t":3.669282045,"torB":0,"torS":20,"torE":24,"torH":-36, "spd":0.2, "acc":2},
"1": {"T":104,"x":300,"y":0,"z":270,"t":3, "spd":0.2, "acc":2}
}