{
	"6": {"T":104,"x":300,"y":0,"z":270,"t":3, "spd":0.2, "acc":2},
"5": {"T":104,"x":109.6644237,"y":110.936858,"z":38.652395,"b":0.743980682,"s":-0.34974762,"e":2.68600036,"t":4.26446659,"torB":0,"torS":32,"torE":28,"torH":0,"spd":0.2, "acc":2},
"4":{"T":104,"x":117.4257829,"y":107.4169511,"z":-18.31028303,"b":0.740912721,"s":0.042951462,"e":2.659922686,"t":4.26446659,"torB":0,"torS":36,"torE":0,"torH":0,"spd":0.2, "acc":2,"release": true},
"3": {"T":104,"x":113.4692328,"y":103.797639,"z":25.02366019,"b":0.740912721,"s":-0.250038868,"e":2.678330456,"t":4.111068512,"torB":0,"torS":0,"torE":28,"torH":20, "spd":0.2, "acc":2},
"2": {"T":104,"x":140.4692328,"y":133.797639,"z":125.02366019,"b":0.740912721,"s":-0.250038868,"e":2.678330456,"t":3.611068512,"torB":0,"torS":0,"torE":28,"torH":20, "spd":0.2, "acc":2},
"1": {"T":104,"x":300,"y":0,"z":270,"t":3, "spd":0.2, "acc":2}
}

