{
"7": {"T":104,"x":300,"y":0,"z":270,"t":3, "spd":0.2, "acc":2},
"6": {"T":104,"x":247.766127,"y":-41.9704015,"z":41.80105011,"b":-0.15493206,"s":0.072097097,"e":2.254951758,"t":4.239922898,"torB":0,"torS":104,"torE":0,"torH":0,"spd":0.2, "acc":2},
"5": {"T":104,"x":251.3709422,"y":-42.26005366,"z":-8.846485043,"b":-0.15493206,"s":0.27304858,"e":2.253417777,"t":4.241456879,"torB":0,"torS":0,"torE":0,"torH":0,"spd":0.2, "acc":2},
"4": {"T":104,"x":222.7970532,"y":-42.00964433,"z":-10.70819364,"b":-0.15493206,"s":0.254640811,"e":2.368466336,"t":4.2219922898,"torB":0,"torS":0,"torE":0,"torH":0,"spd":0.2, "acc":2,"release": true},
"3": {"T":104,"x":240.9220298,"y":-36.12916363,"z":9.635643883,"b":-0.15493206,"s":0.115048559,"e":2.371534298,"t":4.187767551,"torB":0,"torS":40,"torE":0,"torH":20, "spd":0.2, "acc":2},
"2": {"T":104,"x":248.6909114,"y":-40.59542433,"z":133.41958175,"b":-0.153398079,"s":0.061359232,"e":2.310175067,"t":3.522097626,"torB":0,"torS":0,"torE":0,"torH":0, "spd":0.2, "acc":2},
"1": {"T":104,"x":300,"y":0,"z":270,"t":3, "spd":0.2, "acc":2}
}


