{
"7": {"T":104,"x":300,"y":0,"z":270,"t":3, "spd":0.2, "acc":2},
"6": {"T":104,"x":328.8610994,"y":-48.75126842,"z":64.24442806,"b":-0.144194194,"s":0.398835005,"e":1.880660446,"t":4.04970928,"torB":0,"torS":0,"torE":0,"torH":0,"spd":0.2, "acc":2},
"5": {"T":104,"x":328.8610994,"y":-48.75126842,"z":24.24442806,"b":-0.144194194,"s":0.398835005,"e":1.880660446,"t":4.04970928,"torB":0,"torS":0,"torE":0,"torH":0,"spd":0.2, "acc":2},
"4": {"T":104,"x":313.7057593,"y":-51.26027981,"z":-4.863483609,"b":-0.144194194,"s":0.432582582,"e":1.971165312,"t":4.04970928,"torB":0,"torS":0,"torE":0,"torH":0,"spd":0.2, "acc":2,"release": true},
"3": {"T":104,"x":311.2357402,"y":-51.75642631,"z":7.277943773,"b":-0.144194194,"s":0.383495197,"e":1.988039101,"t":4.04970928,"torB":0,"torS":232,"torE":32,"torH":0, "spd":0.2, "acc":2},
"2": {"T":104,"x":320.0560033,"y":-50.04436076,"z":97.76742481,"b":-0.141126232,"s":0.222427214,"e":1.899068215,"t":3.871767509,"torB":0,"torS":0,"torE":0,"torH":0, "spd":0.2, "acc":2},
"1": {"T":104,"x":300,"y":0,"z":270,"t":3, "spd":0.2, "acc":2}
}

