{
    "1": {"T":104,"x":43.85798411,"y":7.748762188,"z":20.56639599,"b":0.17487381,"s":-1.483359422,"e":3.183010135,"t":4.605010325,"torB":0,"torS":0,"torE":0,"torH":0,"spd":0.2, "acc":2}
}