{
	"1": {"T":104,"x":300,"y":0,"z":270,"t":3, "spd":0.2, "acc":2},
"2": {"T":104,"x":236.515258,"y":21.09867247,"z":30.6263014,"b":0.088970886,"s":0.276116542,"e":2.325514874,"t":4.373379226,"torB":0,"torS":112,"torE":0,"torH":0,"spd":0.2, "acc":2},
"3": {"T":104,"x":236.515258,"y":21.09867247,"z":-20.6263014,"b":0.088970886,"s":0.276116542,"e":2.325514874,"t":4.373379226,"torB":0,"torS":112,"torE":0,"torH":0,"spd":0.2, "acc":2},
"4": {"T":104,"x":212.5606973,"y":19.47198217,"z":-25.11975307,"b":0.090504866,"s":0.239301003,"e":2.419087702,"t":4.373379226,"torB":0,"torS":24,"torE":24,"torH":0,"spd":0.2, "acc":2,"grab": true},
"5": {"T":104,"x":225.6869491,"y":21.75569824,"z":13.99796992,"b":0.090504866,"s":0.065961174,"e":2.409883818,"t":4.324291841,"torB":0,"torS":28,"torE":148,"torH":0, "spd":0.2, "acc":2},
"6": {"T":104,"x":260.4751758,"y":25.36831018,"z":70.39547435,"b":0.090504866,"s":-0.030679616,"e":2.241145931,"t":3.799670412,"torB":0,"torS":20,"torE":60,"torH":0, "spd":0.2, "acc":2},
"7": {"T":104,"x":300,"y":0,"z":270,"t":3, "spd":0.2, "acc":2}
}
