{
	"1": {"T":104,"x":300,"y":0,"z":270,"t":3, "spd":0.2, "acc":2},
"2": {"T":104,"x":110.5248416,"y":42.29043409,"z":-0.374488666,"b":0.340543735,"s":-0.228563137,"e":2.813320765,"t":4.482291862,"torB":0,"torS":48,"torE":0,"torH":0,"spd":0.2, "acc":2},
"3": {"T":104,"x":110.5248416,"y":42.29043409,"z":-20.374488666,"b":0.340543735,"s":-0.228563137,"e":2.813320765,"t":4.482291862,"torB":0,"torS":48,"torE":0,"torH":0,"spd":0.2, "acc":2},

"4":{"T":104,"x":97.6677241,"y":40.09341105,"z":-26.36320134,"b":0.354349562,"s":-0.062893212,"e":2.848602323,"t":4.466952054,"torB":0,"torS":0,"torE":-88,"torH":0,"spd":0.2, "acc":2, "grab": true},
"5": {"T":104,"x":95.43356752,"y":36.41702278,"z":-16.60268326,"b":0.354349562,"s":-0.171805848,"e":2.886951843,"t":4.466952054,"torB":0,"torS":128,"torE":24,"torH":0,"spd":0.2, "acc":2},
"6":{"T":104,"x":155.7905672,"y":61.08004281,"z":147.8025611,"b":0.358951504,"s":-0.54609716,"e":2.370000317,"t":3.440718907,"torB":0,"torS":0,"torE":0,"torH":0,"spd":0.2, "acc":2},
"7": {"T":104,"x":300,"y":0,"z":270,"t":3, "spd":0.2, "acc":2}
}


