{
	"1": {"T":104,"x":300,"y":0,"z":270,"t":3, "spd":0.2, "acc":2},
"2": {"T":104,"x":145.9231238,"y":22.88881637,"z":30.43527631,"b":0.179475752,"s":-0.328271889,"e":2.641514917,"t":4.103320871,"torB":0,"torS":0,"torE":0,"torH":0,"spd":0.2, "acc":2},
"3":{"T":104,"x":112.1503857,"y":22.99854839,"z":-14.76828942,"b":0.153398079,"s":-0.145728175,"e":2.82252465,"t":4.271068512,"torB":0,"torS":0,"torE":0,"torH":0,"spd":0.2, "acc":2, "grab": true},
"4": {"T":104,"x":141.139953,"y":22.57901725,"z":18.960525724,"b":0.21322333,"s":-0.302194215,"e":2.82405863,"t":3.997437434,"torB":56,"torS":0,"torE":0,"torH":0,"spd":0.2, "acc":2},
"5": {"T":104,"x":142.7343378,"y":22.69754578,"z":121.2618289,"b":0.181009733,"s":-0.472466083,"e":2.498854703,"t":3.539476175,"torB":0,"torS":0,"torE":0,"torH":0,"spd":0.2, "acc":2},
"6": {"T":104,"x":300,"y":0,"z":270,"t":3, "spd":0.2, "acc":2}
}
