{
"1": {"T":104,"x":300,"y":0,"z":270,"t":3, "spd":0.2, "acc":2},
"2": {"T":104,"x":285.5968017,"y":24.50741971,"z":44.322457257,"b":0.075165059,"s":0.317534023,"e":2.107689603,"t":4.104932588,"torB":0,"torS":32,"torE":20,"torH":0,"spd":0.2, "acc":2},
"3": {"T":104,"x":288.5968017,"y":24.50741971,"z":-5.322457257,"b":0.075165059,"s":0.317534023,"e":2.107689603,"t":4.104932588,"torB":0,"torS":32,"torE":20,"torH":0,"spd":0.2, "acc":2},
"4": {"T":104,"x":255.7795422,"y":23.56320103,"z":-20.16217474,"b":0.075165059,"s":0.355883543,"e":2.221204181,"t":4.318155918,"torB":0,"torS":0,"torE":0,"torH":0,"spd":0.2, "acc":2,"grab": true},
"5": {"T":104,"x":262.5221055,"y":20.6191212,"z":-8.189112762,"b":0.075165059,"s":0.289922369,"e":2.222738162,"t":4.319689899,"torB":0,"torS":0,"torE":36,"torH":0, "spd":0.2, "acc":2},
"6": {"T":104,"x":291.7054751,"y":21.96744518,"z":178.85895094,"b":0.075165059,"s":0.118116521,"e":2.029456582,"t":3.768990796,"torB":0,"torS":0,"torE":0,"torH":0, "spd":0.2, "acc":2},
"7": {"T":104,"x":300,"y":0,"z":270,"t":3, "spd":0.2, "acc":2}
}
