{
	"1": {"T":104,"x":300,"y":0,"z":270,"t":3, "spd":0.2, "acc":2},
"2": {"T":104,"x":146.1886786,"y":110.0737094,"z":37.79442436,"b":0.636602027,"s":-0.184077695,"e":2.552544031,"t":4.252194744,"torB":0,"torS":0,"torE":0,"torH":0,"spd":0.2, "acc":2},
"3":{"T":104,"x":148.7194242,"y":112.9446277,"z":-23.31761696,"b":0.636602027,"s":0.148796136,"e":2.549476069,"t":4.252194744,"torB":0,"torS":40,"torE":0,"torH":0,"spd":0.2, "acc":2,"grab": true},
"4": {"T":104,"x":147.864858,"y":112.3128678,"z":11.40002377,"b":0.636602027,"s":-0.046019424,"e":2.558679954,"t":4.20617532,"torB":0,"torS":20,"torE":24,"torH":24,"torH":20, "spd":0.2, "acc":2},
"5": {"T":104,"x":195.9937474,"y":144.4289384,"z":177.0830985,"b":0.635068046,"s":-0.25310683,"e":2.038660467,"t":3.314932483,"torB":0,"torS":0,"torE":0,"torH":0, "spd":0.2, "acc":2},
"6": {"T":104,"x":300,"y":0,"z":270,"t":3, "spd":0.2, "acc":2}
}
