{
"1": {"T":104,"x":300,"y":0,"z":270,"t":3, "spd":0.2, "acc":2},
"2": {"T":104,"x":284.706081,"y":-6.321821299,"z":30.81038512,"b":-0.026077673,"s":0.211689349,"e":2.126097372,"t":4.331961745,"torB":0,"torS":64,"torE":0,"torH":0,"spd":0.2, "acc":2},
"3": {"T":104,"x":284.8170131,"y":-6.376881979,"z":-11.50163243,"b":-0.026077673,"s":0.363553447,"e":2.12302941,"t":4.331961745,"torB":0,"torS":0,"torE":0,"torH":0,"spd":0.2, "acc":2},
"4": {"T":104,"x":266.354804,"y":-10.538643431,"z":-15.36964736,"b":-0.024543693,"s":0.348213639,"e":2.196660488,"t":4.158621916,"torB":0,"torS":24,"torE":28,"torH":-32,"spd":0.2, "acc":2,"grab": true},
"5": {"T":104,"x":269.6631562,"y":-6.448018563,"z":-1.128799455,"b":-0.024543693,"s":0.266912657,"e":2.216602238,"t":4.14635007,"torB":0,"torS":0,"torE":0,"torH":0, "spd":0.2, "acc":2},
"6": {"T":104,"x":320.9025742,"y":-7.33764634,"z":125.3285317,"b":-0.024543693,"s":0.059825251,"e":1.938951716,"t":3.494408235,"torB":0,"torS":0,"torE":0,"torH":0, "spd":0.2, "acc":2},
"7": {"T":104,"x":300,"y":0,"z":270,"t":3, "spd":0.2, "acc":2}
}
