{
	"1": {"T":104,"x":300,"y":0,"z":270,"t":3, "spd":0.2, "acc":2},
	"2": {"T":104,"x":72.56014831,"y":59.7376739,"z":3.467504375,"b":0.707165143,"s":-0.490873852,"e":2.962116901,"t":4.450078266,"torB":0,"torS":40,"torE":0,"torH":0,"spd":0.2, "acc":2},
	"3": {"T":104,"x":72.77721954,"y":58.35935121,"z":-26.66734864,"b":0.707165143,"s":-0.145728175,"e":2.960582921,"t":4.450078266,"torB":0,"torS":0,"torE":0,"torH":0,"spd":0.2, "acc":2,"grab": true},
	"4": {"T":104,"x":67.13337567,"y":57.37294913,"z":-10.55892011,"b":0.707165143,"s":-0.332873831,"e":2.962116901,"t":4.450078266,"torB":0,"torS":92,"torE":0,"torH":0,"spd":0.2, "acc":2},
	"5": {"T":104,"x":103.6049497,"y":88.54197261,"z":113.46906,"b":0.707165143,"s":-0.702563201,"e":2.587825589,"t":3.630932525,"torB":0,"torS":0,"torE":0,"torH":0,"spd":0.2, "acc":2},
	"6": {"T":104,"x":300,"y":0,"z":270,"t":3, "spd":0.2, "acc":2}
}
