
{
	"1": {"T":104,"x":300,"y":0,"z":270,"t":3, "spd":0.2, "acc":2},
"2": {"T":104,"x":144.140697,"y":19.80188784,"z":15.2073262,"b":0.13652429,"s":-0.231631099,"e":2.718213956,"t":4.38104913,"torB":0,"torS":20,"torE":0,"torH":0,"spd":0.2, "acc":2},
"3":{"T":104,"x":143.5789669,"y":16.72471798,"z":-25.43218387,"b":0.13652429,"s":0.027611654,"e":2.716679975,"t":4.38104913,"torB":0,"torS":0,"torE":0,"torH":0,"spd":0.2, "acc":2,"grab": true},
"4": {"T":104,"x":140.9622264,"y":18.48470704,"z":31.21140563,"b":0.130388367,"s":-0.346679658,"e":2.721281918,"t":4.26446659,"torB":0,"torS":0,"torE":0,"torH":-56, "spd":0.2, "acc":2},
"5": {"T":104,"x":180.8316126,"y":23.71287307,"z":127.5677889,"b":0.130388367,"s":-0.469398121,"e":2.39454401,"t":3.62172864,"torB":0,"torS":0,"torE":0,"torH":0, "spd":0.2, "acc":2},
"6": {"T":104,"x":300,"y":0,"z":270,"t":3, "spd":0.2, "acc":2}
}
