{
    "1": {"T":104,"x":300,"y":0,"z":270,"t":3, "spd":0.2, "acc":2},
    "2": {"T":104,"x":369.669122,"y":-10.99485122,"z":67.41896632,"b":0.150330117,"s":0.460194236,"e":1.639825462,"t":4.065049088,"torB":0,"torS":0,"torE":0,"torH":0,"spd":0.2, "acc":2},
    "3": {"T":104,"x":373.9324629,"y":-10.6406318,"z":-7.34661974,"b":0.150330117,"s":0.632000085,"e":1.639825462,"t":4.065049088,"torB":0,"torS":0,"torE":0,"torH":0,"spd":0.2, "acc":2},
    "4": {"T":104,"x":349.2490542,"y":-10.90176448,"z":4.300457442,"b":0.150330117,"s":0.556835026,"e":1.776349752,"t":4.065049088,"torB":0,"torS":20,"torE":56,"torH":0,"spd":0.2, "acc":2,"grab": true},
    "5": {"T":104,"x":348.0760738,"y":-10.72408975,"z":19.365582428,"b":0.150330117,"s":0.503145698,"e":1.782485676,"t":4.065049088,"torB":0,"torS":136,"torE":24,"torH":0, "spd":0.2, "acc":2},
    "6": {"T":104,"x":361.9377689,"y":-10.39183749,"z":112.7129063,"b":0.151864098,"s":0.329805869,"e":1.612213808,"t":3.764388853,"torB":0,"torS":0,"torE":0,"torH":0, "spd":0.2, "acc":2},
    "7": {"T":104,"x":300,"y":0,"z":270,"t":3, "spd":0.2, "acc":2}
}
    