{
  "1": {
    "T": 104,
    "x": 300,
    "y": 0,
    "z": 270,
    "t": 3,
    "spd": 0.2,
    "acc": 2
  },
  "2": {
    "T": 104,
    "x": 73.19631159,
    "y": -2.808420296,
    "z": 8.580562045,
    "t": 4.143282108,
    "spd": 0.2,
    "acc": 2
  },
  "3": {
    "T": 104,
    "x": 51.62401918,
    "y": -2.774325094,
    "z": -36.71000652,
    "b": -0.053689328,
    "s": -0.124252444,
    "e": 3.081767403,
    "t": 4.664835576,
    "torB": 0,
    "torS": 0,
    "torE": 0,
    "torH": 0,
    "spd": 0.2,
    "acc": 2,
    "grab": true
  },
  "4": {
    "T": 104,
    "x": 35.17921332,
    "y": -2.48648315,
    "z": -29.75156384,
    "b": -0.070563116,
    "s": -0.500077737,
    "e": 3.189146058,
    "t": 4.675573441,
    "torB": 0,
    "torS": 0,
    "torE": 0,
    "torH": 0,
    "spd": 0.2,
    "acc": 2
  },
  "5": {
    "T": 104,
    "x": 84.17348386,
    "y": -5.819669374,
    "z": 13.74601121,
    "b": -0.069029135,
    "s": -0.64273795,
    "e": 2.977456709,
    "t": 3.930058779,
    "torB": 0,
    "torS": 0,
    "torE": 0,
    "torH": 0,
    "spd": 0.2,
    "acc": 2
  },
  "6": {
    "T": 104,
    "x": 101.8815726,
    "y": -6.886973768,
    "z": 105.2611128,
    "b": -0.067495155,
    "s": -0.926524396,
    "e": 2.716679975,
    "t": 3.462194638,
    "torB": 0,
    "torS": 0,
    "torE": 0,
    "torH": 0,
    "spd": 0.2,
    "acc": 2
  },
  "7": {
    "T": 104,
    "x": 300,
    "y": 0,
    "z": 270,
    "t": 3,
    "spd": 0.2,
    "acc": 2
  }
}
