{
	"1": {"T":104,"x":300,"y":0,"z":270,"t":3, "spd":0.2, "acc":2},
"2": {"T":104,"x":135.6498526,"y":-33.33671895,"z":18.36887883,"b":-0.227029157,"s":-0.283786446,"e":2.742757649,"t":4.433204477,"torB":0,"torS":20,"torE":20,"torH":0,"spd":0.2, "acc":2},
"3": {"T":104,"x":144.8554638,"y":-33.64624119,"z":-25.26366204,"b":-0.227029157,"s":0.03834952,"e":2.728951822,"t":4.433204477,"torB":0,"torS":0,"torE":0,"torH":0,"spd":0.2, "acc":2,"grab": true},
"4": {"T":104,"x":144.6675628,"y":-33.41991656,"z":-1.39829567,"b":-0.227029157,"s":-0.108912636,"e":2.709010071,"t":4.348835534,"torB":0,"torS":0,"torE":20,"torH":0, "spd":0.2, "acc":2},
"5": {"T":104,"x":194.5706509,"y":-44.31977139,"z":106.2837169,"b":-0.223961195,"s":-0.337475773,"e":2.379204202,"t":3.561903389,"torB":0,"torS":20,"torE":24,"torH":0, "spd":0.2, "acc":2},
"6": {"T":104,"x":300,"y":0,"z":270,"t":3, "spd":0.2, "acc":2}
}
