{
	"1": {"T":104,"x":300,"y":0,"z":270,"t":3, "spd":0.2, "acc":2},
"2": {"T":104,"x":102.6292708,"y":71.80966408,"z":11.78852715,"b":0.610524354,"s":-0.314466062,"e":2.80411688,"t":4.285942321,"torB":0,"torS":0,"torE":0,"torH":0,"spd":0.2, "acc":2},
"3":{"T":104,"x":103.8950732,"y":73.88876777,"z":-17.81665213,"b":0.618194258,"s":-0.067495155,"e":2.791845034,"t":4.298214168,"torB":0,"torS":0,"torE":0,"torH":0,"spd":0.2, "acc":2},
"4":{"T":104,"x":120.1747909,"y":73.15860069,"z":-18.8484117,"b":0.579844738,"s":-0.003067962,"e":2.770369303,"t":4.285942321,"torB":0,"torS":28,"torE":20,"torH":0,"spd":0.2, "acc":2, "grab": true},
"5": {"T":104,"x":125.9952602,"y":79.24542987,"z":12.65034898,"b":0.579844738,"s":-0.219359253,"e":2.722815898,"t":4.054311222,"torB":0,"torS":0,"torE":0,"torH":0, "spd":0.2, "acc":2},
"6": {"T":104,"x":151.5278404,"y":96.60651414,"z":194.3979442,"b":0.567572892,"s":-0.404970928,"e":2.478912953,"t":3.186738331,"torB":0,"torS":0,"torE":0,"torH":0,"spd":0.2, "acc":2},
"7": {"T":104,"x":300,"y":0,"z":270,"t":3, "spd":0.2, "acc":2}
}
