{
  "1": {"T":104,"x":300,"y":0,"z":270,"t":3, "spd":0.2, "acc":2},
  "2": {"T":104,"x":77.5,"y":93.67490121,"z":35,"t":4.41116563,"spd":0.2, "acc":2},
  "3": {"T":104,"x":77.5,"y":93.67490121,"z":-18.55182729,"t":4.41116563, "grab": true}, 
  "4": {"T":104,"x":77.90091042,"y":96.92253399,"z":45.973729656,"t":4.309631649,"spd":0.2, "acc":2},
  "5": {"T":104,"x":300,"y":0,"z":270,"t":3, "spd":0.2, "acc":2}
}
