{
    "1": {"T":104,"x":300,"y":0,"z":270,"t":3, "spd":0.2, "acc":2},
    "2": {"T":104,"x":361.6552543,"y":90.0005706,"z":101.6268658,"b":0.243902945,"s":0.372757331,"e":1.593806039,"t":3.815010219,"torB":0,"torS":0,"torE":0,"torH":0,"spd":0.2, "acc":2},
    "3": {"T":104,"x":392.5724836,"y":97.05530128,"z":16.44430266,"b":0.242368964,"s":0.66114572,"e":1.483359422,"t":3.813476239,"torB":0,"torS":40,"torE":248,"torH":0,"spd":0.2, "acc":2},
    "4": {"T":104,"x":343.5380755,"y":84.93257377,"z":-4.421113952,"b":0.242368964,"s":0.547631141,"e":1.773281791,"t":4.037437434,"torB":0,"torS":140,"torE":20,"torH":0,"spd":0.2, "acc":2,"grab": true},
    "5": {"T":104,"x":340.0150895,"y":84.30881845,"z":32.15783693,"b":0.242368964,"s":0.440252486,"e":1.779417714,"t":4.037437434,"torB":0,"torS":224,"torE":28,"torH":0, "spd":0.2, "acc":2},
    "6": {"T":104,"x":330.0150895,"y":84.30881845,"z":212.15783693,"b":0.242368964,"s":0.440252486,"e":1.779417714,"t":4.037437434,"torB":0,"torS":224,"torE":28,"torH":0, "spd":0.2, "acc":2},
    "7": {"T":104,"x":300,"y":0,"z":270,"t":3, "spd":0.2, "acc":2}
}
    