{
    "1": {"T":104,"x":300,"y":0,"z":270,"t":3, "spd":0.2, "acc":2},
    "2": {"T":104,"x":380.4162951,"y":148.3511472,"z":76.47393444,"b":0.319068004,"s":0.507747641,"e":1.489495345,"t":3.784330604,"torB":0,"torS":0,"torE":0,"torH":0,"spd":0.2, "acc":2},
    "3": {"T":104,"x":401.5939968,"y":133.3523518,"z":49.62415038,"b":0.320601985,"s":0.6626797,"e":1.345301151,"t":3.784330604,"torB":0,"torS":-24,"torE":36,"torH":0,"spd":0.2, "acc":2},
    "4": {"T":104,"x":352.4024915,"y":118.2195331,"z":1.997465027,"b":0.323669946,"s":0.585980661,"e":1.676641001,"t":3.982214125,"torB":0,"torS":24,"torE":20,"torH":0,"spd":0.2, "acc":2,"grab": true},
    "5": {"T":104,"x":350.145007,"y":117.4622207,"z":33.95642375,"b":0.323669946,"s":0.497009775,"e":1.681242944,"t":3.982214125,"torB":0,"torS":228,"torE":20,"torH":0, "spd":0.2, "acc":2},
    "6": {"T":104,"x":364.9973481,"y":122.4446964,"z":162.1913253,"b":0.323669946,"s":0.34974762,"e":1.400524459,"t":3.529689793,"torB":0,"torS":0,"torE":0,"torH":0, "spd":0.2, "acc":2},
    "7": {"T":104,"x":300,"y":0,"z":270,"t":3, "spd":0.2, "acc":2}
}
    