{
    "1": {"T":104,"x":300,"y":0,"z":270,"t":3, "spd":0.2, "acc":2},
    "2": {"T":104,"x":330.9413511,"y":-84.70768581,"z":48.81119459,"b":-0.250038868,"s":0.326737908,"e":1.877592484,"t":4.003689856,"torB":0,"torS":0,"torE":0,"torH":0,"torE":0,"torH":0,"spd":0.2, "acc":2},
    "3": {"T":104,"x":332.2663216,"y":-85.39842342,"z":10.57100409,"b":-0.251572849,"s":0.460194236,"e":1.828505099,"t":4.005223837,"torB":0,"torS":20,"torE":156,"torH":0,"spd":0.2, "acc":2},
    "4": {"T":104,"x":314.2979905,"y":-84.03725702,"z":-2.746055298,"b":-0.251572849,"s":0.460194236,"e":1.919009966,"t":4.043573357,"torB":0,"torS":24,"torE":20,"torH":0,"spd":0.2, "acc":2,"grab": true},
    "5": {"T":104,"x":317.6923548,"y":-76.99315161,"z":11.79085084,"b":-0.237767022,"s":0.417242774,"e":1.911340062,"t":4.026699568,"torB":0,"torS":128,"torE":0,"torH":0, "spd":0.2, "acc":2},
    "6": {"T":104,"x":345.443623,"y":-81.59620797,"z":105.0792871,"b":-0.239301003,"s":0.257708772,"e":1.741068194,"t":3.560369409,"torB":0,"torS":0,"torE":0,"torH":0, "spd":0.2, "acc":2},
    "7": {"T":104,"x":300,"y":0,"z":270,"t":3, "spd":0.2, "acc":2}
}
    