{
"1": {"T":104,"x":300,"y":0,"z":270,"t":3, "spd":0.2, "acc":2},
"2": {"T":104,"x":116.2106959,"y":-53.01290031,"z":8.275963515,"b":-0.42798064,"s":-0.274582561,"e":2.794912996,"t":4.546719055,"torB":0,"torS":68,"torE":0,"torH":0,"spd":0.2, "acc":2},
"3": {"T":104,"x":113.3872693,"y":-57.72491185,"z":-30.74406981,"b":-0.42798064,"s":0.033747577,"e":2.793379015,"t":4.546719055,"torB":0,"torS":-20,"torE":0,"torH":0,"spd":0.2, "acc":2},
"4": {"T":104,"x":113.415898,"y":-61.43609761,"z":-20.71564969,"b":-0.461728217,"s":-0.046019424,"e":2.793379015,"t":4.382583111,"torB":0,"torS":0,"torE":0,"torH":0,"spd":0.2, "acc":2,"grab": true},
"5": {"T":104,"x":111.7540936,"y":-61.41656755,"z":5.374865126,"b":-0.477068025,"s":-0.211689349,"e":2.761165418,"t":4.289010283,"torB":0,"torS":60,"torE":0,"torH":0,"spd":0.2, "acc":2},
"6": {"T":104,"x":167.8813549,"y":-86.77617145,"z":194.9412543,"b":-0.477068025,"s":-0.512349583,"e":2.176718738,"t":3.275048982,"torB":0,"torS":0,"torE":36,"torH":0,"spd":0.2, "acc":2},
"7": {"T":104,"x":300,"y":0,"z":270,"t":3, "spd":0.2, "acc":2}
}
