{
"5": {"T":104,"x":300,"y":0,"z":270,"t":3, "spd":0.2, "acc":2},
"4": {"T":104,"x":227.7053288,"y":54.44560474,"z":125.96999185,"b":0.234699061,"s":0.29145635,"e":2.337786721,"t":4.41939865,"torB":0,"torS":0,"torE":0,"torH":0,"spd":0.2, "acc":2},
"3": {"T":104,"x":218.6700057,"y":58.94598883,"z":-15.57185344,"b":0.208621387,"s":0.246970907,"e":2.402213914,"t":4.273379226,"torB":0,"torS":0,"torE":0,"torH":0,"spd":0.2, "acc":2,"release": true},
"2": {"T":104,"x":214.1647096,"y":55.68237682,"z":73.25606315,"b":0.210155368,"s":0.070563116,"e":2.408349837,"t":4.173379226,"torB":0,"torS":104,"torE":24,"torH":0, "spd":0.2, "acc":2},
"1": {"T":104,"x":300,"y":0,"z":270,"t":3, "spd":0.2, "acc":2}
}

