{
"7": {"T":104,"x":300,"y":0,"z":270,"t":3, "spd":0.2, "acc":2},
"6": {"T":104,"x":290.4986146,"y":55.93299991,"z":150.892838646,"b":0.190213618,"s":0.380427235,"e":2.06320416,"t":4.140214147,"torB":0,"torS":0,"torE":0,"torH":0,"spd":0.2, "acc":2},
"5": {"T":104,"x":290.4986146,"y":55.93299991,"z":-5.892838646,"b":0.190213618,"s":0.380427235,"e":2.06320416,"t":4.140214147,"torB":0,"torS":0,"torE":0,"torH":0,"spd":0.2, "acc":2},
"4": {"T":104,"x":250.9774847,"y":49.28625442,"z":-26.932136,"b":0.190213618,"s":0.363553447,"e":2.2196702,"t":4.279515149,"torB":0,"torS":0,"torE":24,"torH":0,"spd":0.2, "acc":2,"release": true},
"3": {"T":104,"x":260.0117457,"y":50.93126767,"z":-12.08129529,"b":0.197883522,"s":0.299126254,"e":2.231942046,"t":4.288719034,"torB":0,"torS":20,"torE":0,"torH":0, "spd":0.2, "acc":2},
"2": {"T":104,"x":270.0363769,"y":56.69726053,"z":99.31082799,"b":0.196349541,"s":0.064427193,"e":2.009514832,"t":3.818078181,"torB":0,"torS":0,"torE":0,"torH":0, "spd":0.2, "acc":2},
"1": {"T":104,"x":300,"y":0,"z":270,"t":3, "spd":0.2, "acc":2}
}
