{
"7": {"T":104,"x":300,"y":0,"z":270,"t":3, "spd":0.2, "acc":2},
"6": {"T":104,"x":245.9056901,"y":89.39333458,"z":127.44631695,"b":0.346679658,"s":0.144194194,"e":2.235010008,"t":4.160155897,"torB":0,"torS":108,"torE":20,"torH":0,"spd":0.2, "acc":2},
"5": {"T":104,"x":245.3095292,"y":89.17795937,"z":14.987617245,"b":0.346679658,"s":0.263844696,"e":2.244213893,"t":4.160155897,"torB":0,"torS":40,"torE":20,"torH":0,"spd":0.2, "acc":2},
"4": {"T":104,"x":229.2297314,"y":85.81388753,"z":-9.173979988,"b":0.346679658,"s":0.243902945,"e":2.300971182,"t":4.160155897,"torB":0,"torS":112,"torE":0,"torH":0,"spd":0.2, "acc":2,"release": true},
"3": {"T":104,"x":227.1834444,"y":82.07462487,"z":28.33126487,"b":0.346679658,"s":0.087436905,"e":2.304039143,"t":4.160155897,"torB":0,"torS":104,"torE":20,"torH":0, "spd":0.2, "acc":2},
"2": {"T":104,"x":227.1834444,"y":82.07462487,"z":128.33126487,"b":0.346679658,"s":0.087436905,"e":2.304039143,"t":3.860155897,"torB":0,"torS":104,"torE":20,"torH":0, "spd":0.2, "acc":2},
"1": {"T":104,"x":300,"y":0,"z":270,"t":3, "spd":0.2, "acc":2}
}

