{
	"6": {"T":104,"x":300,"y":0,"z":270,"t":3, "spd":0.2, "acc":2},
"5": {"T":104,"x":142.2249514,"y":78.56426972,"z":9.40985336,"b":0.504679679,"s":-0.119650501,"e":2.649184821,"t":4.34116563,"torB":0,"torS":24,"torE":20,"torH":0,"spd":0.2, "acc":2},
"4":{"T":104,"x":144.7453294,"y":73.41612612,"z":-18.33296877,"b":0.469398121,"s":0.0398835,"e":2.64765084,"t":4.32275786,"torB":0,"torS":0,"torE":0,"torH":0,"spd":0.2, "acc":2,"release": true},
"3": {"T":104,"x":142.6280469,"y":72.34222149,"z":30.21042633,"b":0.469398121,"s":-0.248504888,"e":2.649184821,"t":4.132544243,"torB":0,"torS":0,"torE":0,"torH":0, "spd":0.2, "acc":2},
"2": {"T":104,"x":194.2618993,"y":111.2319753,"z":185.45155,"b":0.520019487,"s":-0.346679658,"e":2.087747852,"t":3.25203927,"torB":0,"torS":0,"torE":0,"torH":0, "spd":0.2, "acc":2},
"1": {"T":104,"x":300,"y":0,"z":270,"t":3, "spd":0.2, "acc":2}
}
