{
"7": {"T":104,"x":300,"y":0,"z":270,"t":3, "spd":0.2, "acc":2},
"6": {"T":104,"x":310.4909015,"y":120.49119289,"z":75.56458508,"b":0.309864119,"s":0.38963112,"e":1.94662162,"t":4.135612204,"torB":0,"torS":132,"torE":24,"torH":0,"spd":0.2, "acc":2},
"5": {"T":104,"x":310.9509658,"y":120.67796215,"z":15.78946549,"b":0.309864119,"s":0.590582603,"e":1.942019677,"t":4.135612204,"torB":0,"torS":24,"torE":28,"torH":0,"spd":0.2, "acc":2},
"4": {"T":104,"x":308.4228284,"y":120.8215714,"z":-6.683364656,"b":0.316000042,"s":0.475534044,"e":1.9082721,"t":4.135612204,"torB":0,"torS":28,"torE":24,"torH":0,"spd":0.2, "acc":2,"release": true},
"3": {"T":104,"x":308.5962158,"y":125.5080956,"z":-1.054413576,"b":0.33133985,"s":0.458660256,"e":1.909806081,"t":4.135612204,"torB":44,"torS":40,"torE":0,"torH":0, "spd":0.2, "acc":2},
"2": {"T":104,"x":308.4582755,"y":120.5980655,"z":114.36493992,"b":0.332873831,"s":0.340543735,"e":1.748738098,"t":3.744447103,"torB":0,"torS":28,"torE":24,"torH":-60, "spd":0.2, "acc":2},
"1": {"T":104,"x":300,"y":0,"z":270,"t":3, "spd":0.2, "acc":2}
}

