{
  "5": {"T":104,"x":300,"y":0,"z":270,"t":3, "spd":0.2, "acc":2},
  "4": {"T":104,"x":300.0232495,"y":-50,"z":270,"t":3, "spd":0.2, "acc":2},
  "3": {"T":104,"x":355.6600283,"y":-81.57026194,"z":10,"t":3.897845182, "spd":0.2, "acc":2, "release": true}, 
  "2": {"T":104,"x":355.6600283,"y":-81.57026194,"z":190,"t":3.897845182, "spd":0.2, "acc":2},
  "1": {"T":104,"x":300,"y":0,"z":270,"t":3, "spd":0.2, "acc":10}
}
