{
"6": {"T":104,"x":300,"y":0,"z":270,"t":3, "spd":0.2, "acc":2},
"5": {"T":104,"x":255.3679623,"y":125.2893288,"z":157.2699768,"b":0.470932102,"s":0.050621366,"e":2.207398354,"t":4.083456857,"torB":0,"torS":104,"torE":20,"torH":0,"spd":0.2, "acc":2},
"4": {"T":104,"x":235.1211443,"y":115.1271079,"z":-20.5411734,"b":0.470932102,"s":0.319068004,"e":2.253417777,"t":4.239922898,"torB":0,"torS":28,"torE":0,"torH":0,"spd":0.2, "acc":2,"release": true},
"3": {"T":104,"x":225.3569126,"y":115.2471467,"z":30.65296547,"b":0.470932102,"s":0.279184503,"e":2.254951758,"t":4.109922898,"torB":0,"torS":120,"torE":0,"torH":0, "spd":0.2, "acc":2},
"2": {"T":104,"x":248.6037488,"y":126.0940457,"z":167.31577808,"b":0.469398121,"s":0.09664079,"e":2.106155622,"t":3.784330604,"torB":0,"torS":0,"torE":0,"torH":0, "spd":0.2, "acc":2},
"1": {"T":104,"x":300,"y":0,"z":270,"t":3, "spd":0.2, "acc":2}
}

