{
	"6": {"T":104,"x":300,"y":0,"z":270,"t":3, "spd":0.2, "acc":2},
"5": {"T":104,"x":162.1952114,"y":-5.716528705,"z":61.54797527,"b":-0.053689328,"s":-0.383495197,"e":2.603165397,"t":3.610990775,"torB":0,"torS":0,"torE":0,"torH":0,"spd":0.2, "acc":2},
"4":{"T":104,"x":102.6288654,"y":-13.554308076,"z":-22.32908899,"b":-0.050621366,"s":-0.093572828,"e":2.86240815,"t":4.24359803,"torB":-36,"torS":0,"torE":0,"torH":0,"spd":0.2, "acc":2, "release": true},
"3": {"T":104,"x":105.8092522,"y":-13.740964108,"z":-3.729236691,"b":-0.033747577,"s":-0.266912657,"e":2.867010093,"t":4.198214168,"torB":0,"torS":0,"torE":0,"torH":20,"spd":0.2, "acc":2},
"2": {"T":104,"x":110.4831637,"y":-7.438923526,"z":100.702903,"b":-0.033747577,"s":-0.704097182,"e":2.636912974,"t":3.670816025,"torB":0,"torS":0,"torE":36,"torH":0,"spd":0.2, "acc":2},
"1": {"T":104,"x":300,"y":0,"z":270,"t":3, "spd":0.2, "acc":2}
}

