{
"7": {"T":104,"x":300,"y":0,"z":270,"t":3, "spd":0.2, "acc":2},
"6": {"T":104,"x":310.7708788,"y":93.23211333,"z":34.82464239,"b":0.320601985,"s":0.3113981,"e":2.061670179,"t":4.028233549,"torB":0,"torS":0,"torE":0,"torH":0,"spd":0.2, "acc":2},
"5": {"T":104,"x":310.7708788,"y":89.23211333,"z":-5.82464239,"b":0.320601985,"s":0.3113981,"e":2.061670179,"t":4.28287436,"torB":0,"torS":0,"torE":0,"torH":0,"spd":0.2, "acc":2},
"4": {"T":104,"x":260.3594557,"y":88.58243241,"z":-20.59066783,"b":0.317534023,"s":0.372757331,"e":-2.175184757,"t":4.28287436,"torB":0,"torS":0,"torE":0,"torH":0,"spd":0.2, "acc":2,"release": true},
"3": {"T":104,"x":270.2826696,"y":92.54117434,"z":9.804564979,"b":0.322135965,"s":0.348213639,"e":5.138369218,"t":4.18287436,"torB":0,"torS":20,"torE":24,"torH":0, "spd":0.2, "acc":2},
"2": {"T":104,"x":310.154619,"y":99.35020786,"z":101.34840902,"b":0.323669946,"s":0.185611675,"e":1.932815793,"t":3.652408256,"torB":0,"torS":36,"torE":28,"torH":-20, "spd":0.2, "acc":2},
"1": {"T":104,"x":300,"y":0,"z":270,"t":3, "spd":0.2, "acc":2}
}
