{
  "8": {"T":104,"x":300,"y":0,"z":270,"t":3, "spd":0.2, "acc":2},
  "7": {"T":104,"x":35.64976354,"y":-23.03736172,"z":0.92922222,"b":-0.573708815,"s":-0.438718505,"e":3.1538645,"t":4.934816195,"torB":0,"torS":0,"torE":0,"torH":0,"spd":0.2, "acc":2},
  "6": {"T":104,"x":22.69528997,"y":-14.66600483,"z":-20.5740214,"b":-0.573708815,"s":0.009203885,"e":3.150796538,"t":4.933282214,"torB":0,"torS":0,"torE":0,"torH":0,"spd":0.2, "acc":2}, 
  "5": {"T":104,"x":65.57769263,"y":-40.90069139,"z":-26.70076689,"b":-0.573708815,"s":-0.101242732,"e":2.951379036,"t":4.689670517,"torB":0,"torS":0,"torE":0,"torH":0,"spd":0.2, "acc":2,"release":true},
"4": {"T":104,"x":74.43524233,"y":-58.49333702,"z":-16.32534651,"b":-0.487805891,"s":-0.286854407,"e":2.975922728,"t":4.589670517,"torB":0,"torS":0,"torE":0,"torH":0,"spd":0.2, "acc":2},
"3": {"T":104,"x":109.4403033,"y":-58.06608063,"z":55.29948923,"b":-0.487805891,"s":-0.593650565,"e":2.762699399,"t":3.784330604,"torB":0,"torS":0,"torE":0,"torH":0,"spd":0.2, "acc":2},
"2": {"T":104,"x":152.9974926,"y":-81.1763534,"z":214.7011812,"b":-0.487805891,"s":-0.590582603,"e":2.156776988,"t":3.298058694,"torB":0,"torS":0,"torE":0,"torH":0,"spd":0.2, "acc":2},
  "1": {"T":104,"x":300,"y":0,"z":270,"t":3, "spd":0.2, "acc":2}
}

