{
"6": {"T":104,"x":300,"y":0,"z":270,"t":3, "spd":0.2, "acc":2},
"5": {"T":104,"x":268.6077867,"y":128.0529886,"z":53.95303784,"b":0.420310736,"s":0.188679637,"e":2.047864352,"t":4.042039376,"torB":0,"torS":120,"torE":36,"torH":0,"spd":0.2, "acc":2},
"4": {"T":104,"x":273.9800077,"y":128.6697288,"z":-2.683486104,"b":0.435650544,"s":0.381961216,"e":2.054000275,"t":4.042039376,"torB":56,"torS":40,"torE":44,"torH":0,"spd":0.2, "acc":2,"release": true},
"3": {"T":104,"x":274.883718,"y":129.2975186,"z":35.08059191,"b":0.435650544,"s":0.236233041,"e":2.070874064,"t":4.00982578,"torB":0,"torS":44,"torE":40,"torH":20, "spd":0.2, "acc":2},
"2": {"T":104,"x":291.3584348,"y":135.6209143,"z":128.24944586,"b":0.435650544,"s":0.225495176,"e":1.892932292,"t":3.589515044,"torB":0,"torS":44,"torE":52,"torH":0, "spd":0.2, "acc":2},
"1": {"T":104,"x":300,"y":0,"z":270,"t":3, "spd":0.2, "acc":2}
}
