{
	"6": {"T":104,"x":300,"y":0,"z":270,"t":3, "spd":0.2, "acc":2},
"5": {"T":104,"x":142.0967652,"y":42.07917679,"z":-2.782095328,"b":0.277650523,"s":-0.15493206,"e":2.76423338,"t":4.572796729,"torB":0,"torS":0,"torE":0,"torH":0,"spd":0.2, "acc":2},
"4": {"T":104,"x":144.5123126,"y":46.19761293,"z":-20.0993354,"b":0.277650523,"s":0.107378655,"e":2.742757649,"t":4.371262748,"torB":0,"torS":36,"torE":20,"torH":0,"release": true},
"3": {"T":104,"x":145.5606116,"y":46.35142788,"z":-6.342386048,"b":0.277650523,"s":-0.108912636,"e":2.74429163,"t":4.270020016,"torB":0,"torS":0,"torE":0,"torH":20, "spd":0.2, "acc":2},
"2": {"T":104,"x":192.2080633,"y":55.73930545,"z":113.9838618,"b":0.282252465,"s":-0.352815581,"e":2.360796433,"t":3.62172864,"torB":0,"torS":0,"torE":0,"torH":0, "spd":0.2, "acc":2},
"1": {"T":104,"x":300,"y":0,"z":270,"t":3, "spd":0.2, "acc":2}
}

