{
"6": {"T":104,"x":300,"y":0,"z":270,"t":3, "spd":0.2, "acc":2},
"5": {"T":104,"x":173.5292097,"y":45.86812813,"z":31.52164645,"b":0.254640811,"s":-0.165669925,"e":2.567883839,"t":4.440874381,"torB":0,"torS":116,"torE":20,"torH":0,"spd":0.2, "acc":2},
"4":{"T":104,"x":173.5157861,"y":45.9521651,"z":-25.50903277,"b":0.254640811,"s":0.151864098,"e":2.563281897,"t":4.440874381,"torB":0,"torS":0,"torE":0,"torH":0,"spd":0.2, "acc":2,"release": true},
"3": {"T":104,"x":178.2625868,"y":46.40018458,"z":-3.571116034,"b":0.254640811,"s":0.035281558,"e":2.558679954,"t":4.394854957,"torB":0,"torS":20,"torE":108,"torH":0, "spd":0.2, "acc":2},
"2":{"T":104,"x":213.626937,"y":62.30608023,"z":171.8577914,"b":0.283786446,"s":-0.340543735,"e":2.132233295,"t":3.537359697,"torB":0,"torS":0,"torE":36,"torH":0, "spd":0.2, "acc":2},
"1": {"T":104,"x":300,"y":0,"z":270,"t":3, "spd":0.2, "acc":2}
}
