{
    "7": {"T":104,"x":300,"y":0,"z":270,"t":3, "spd":0.2, "acc":2},
    "6": {"T":104,"x":330.6776181,"y":-120.4639932,"z":71.50540462,"b":-0.346679658,"s":0.34974762,"e":1.747204117,"t":3.818078181,"torB":0,"torS":28,"torE":24,"torH":0,"spd":0.2, "acc":2},
    "5": {"T":104,"x":337.2504412,"y":-121.4772885,"z":9.578071933,"b":-0.346679658,"s":0.520019487,"e":1.753340041,"t":3.818078181,"torB":0,"torS":44,"torE":28,"torH":0,"spd":0.2, "acc":2},
    "4": {"T":104,"x":324.3362161,"y":-117.1730332,"z":1.330850861,"b":-0.346679658,"s":0.50621366,"e":1.820835195,"t":3.928078181,"torB":0,"torS":32,"torE":52,"torH":0,"spd":0.2, "acc":2,"release": true},
    "3": {"T":104,"x":322.898288,"y":-116.6535525,"z":21.01513189,"b":-0.346679658,"s":0.443320448,"e":1.825437138,"t":3.85318499,"torB":0,"torS":216,"torE":24,"torH":0, "spd":0.2, "acc":2},
    "2": {"T":104,"x":320.49025,"y":-115.6136887,"z":97.08948553,"b":-0.348213639,"s":0.251572849,"e":1.780951695,"t":3.587981063,"torB":0,"torS":0,"torE":0,"torH":0, "spd":0.2, "acc":2},
    "1": {"T":104,"x":300,"y":0,"z":270,"t":3, "spd":0.2, "acc":2}
}
    