{
	"6": {"T":104,"x":300,"y":0,"z":270,"t":3, "spd":0.2, "acc":2},
"5": {"T":104,"x":155.9231238,"y":28.28881637,"z":44.43527631,"b":0.179475752,"s":-0.328271889,"e":2.641514917,"t":3.903320871,"torB":0,"torS":0,"torE":0,"torH":0,"spd":0.2, "acc":2},
"4":{"T":104,"x":116.4503857,"y":18.46854839,"z":-6.76828942,"b":0.153398079,"s":-0.145728175,"e":2.82252465,"t":4.201068512,"torB":0,"torS":0,"torE":0,"torH":0,"spd":0.2, "acc":2, "release": true},
"3": {"T":104,"x":118.139953,"y":18.57901725,"z":6.960525724,"b":0.21322333,"s":-0.302194215,"e":2.82405863,"t":4.137437434,"torB":56,"torS":0,"torE":0,"torH":0,"spd":0.2, "acc":2},
"2": {"T":104,"x":167.7343378,"y":18.69754578,"z":101.2618289,"b":0.181009733,"s":-0.472466083,"e":2.498854703,"t":3.339476175,"torB":0,"torS":0,"torE":0,"torH":0,"spd":0.2, "acc":2},
"1": {"T":104,"x":300,"y":0,"z":270,"t":3, "spd":0.2, "acc":2}
}

