{
"3": {"T":104,"x":300,"y":0,"z":270,"t":3, "spd":0.2, "acc":2},
"2": {"T":104,"x":312.6338349,"y":-322.3755205,"z":178.3811006,"b":-0.800737971,"s":0.66114572,"e":0.874369049,"t":3.09557323,"torB":0,"torS":0,"torE":0,"torH":0,"release": true},
"1": {"T":104,"x":300,"y":0,"z":270,"t":3, "spd":0.2, "acc":2}
}
