{
"7": {"T":104,"x":300,"y":0,"z":270,"t":3, "spd":0.2, "acc":2},
"6": {"T":104,"x":321.2789957,"y":18.28943655,"z":51.97906426,"b":0.047553404,"s":0.400368986,"e":1.937417735,"t":4.169359781,"torB":0,"torS":52,"torE":20,"torH":0,"spd":0.2, "acc":2},
"5": {"T":104,"x":321.2789957,"y":18.28943655,"z":11.97906426,"b":0.047553404,"s":0.400368986,"e":1.937417735,"t":4.169359781,"torB":0,"torS":52,"torE":20,"torH":0,"spd":0.2, "acc":2},
"4": {"T":104,"x":304.5764053,"y":18.43125692,"z":-12.1843342,"b":0.050621366,"s":0.42798064,"e":2.018718717,"t":4.170893762,"torB":0,"torS":0,"torE":0,"torH":0,"spd":0.2, "acc":2,"release": true},
"3": {"T":104,"x":301.1631911,"y":18.30899227,"z":7.908990448,"b":0.050621366,"s":0.354349562,"e":2.030990563,"t":4.169359781,"torB":20,"torS":140,"torE":24,"torH":0, "spd":0.2, "acc":2},
"2": {"T":104,"x":311.9524137,"y":17.76462668,"z":102.72915753,"b":0.053689328,"s":0.161067983,"e":1.917475985,"t":3.987107317,"torB":0,"torS":0,"torE":0,"torH":0, "spd":0.2, "acc":2},
"1": {"T":104,"x":300,"y":0,"z":270,"t":3, "spd":0.2, "acc":2}
}

