{
	"6": {"T":104,"x":300,"y":0,"z":270,"t":3, "spd":0.2, "acc":2},
"5": {"T":104,"x":165.6504304,"y":-65.46938987,"z":84.371188678,"b":-0.454058313,"s":-0.251572849,"e":2.801048919,"t":4.112971478,"torB":0,"torS":88,"torE":0,"torH":0,"spd":0.2, "acc":2},
"4": {"T":104,"x":121.8014664,"y":-62.92416424,"z":-22.77872063,"b":-0.477068025,"s":-0.001533981,"e":2.758097457,"t":4.289010283,"torB":0,"torS":0,"torE":0,"torH":0,"spd":0.2, "acc":2, "release": true},
"3": {"T":104,"x":120.7540936,"y":-62.41656755,"z":95.374865126,"b":-0.477068025,"s":-0.211689349,"e":2.761165418,"t":4.289010283,"torB":0,"torS":60,"torE":0,"torH":0,"spd":0.2, "acc":2},
"2": {"T":104,"x":167.8813549,"y":-86.77617145,"z":194.9412543,"b":-0.477068025,"s":-0.512349583,"e":2.176718738,"t":3.275048982,"torB":0,"torS":0,"torE":36,"torH":0,"spd":0.2, "acc":2},
"1": {"T":104,"x":300,"y":0,"z":270,"t":3, "spd":0.2, "acc":2}
}

