{
"7": {"T":104,"x":300,"y":0,"z":270,"t":3, "spd":0.2, "acc":2},
"6": {"T":104,"x":195.3762357,"y":-101.6345697,"z":26.00048433,"b":-0.48627191,"s":0.003067962,"e":2.419087702,"t":4.348835534,"torB":0,"torS":96,"torE":0,"torH":0,"spd":0.2, "acc":2},
"5": {"T":104,"x":195.340446,"y":-101.1442599,"z":-15.95182242,"b":-0.48627191,"s":0.211689349,"e":2.417553722,"t":4.348835534,"torB":0,"torS":108,"torE":0,"torH":0,"spd":0.2, "acc":2},
"4": {"T":104,"x":191.7645619,"y":-101.13958023,"z":-16.35823885,"b":-0.48627191,"s":0.236233041,"e":2.449767318,"t":4.250369514,"torB":0,"torS":20,"torE":0,"torH":0,"spd":0.2, "acc":2,"release": true},
"3": {"T":104,"x":200.7080599,"y":-110.4892868,"z":28.528928793,"b":-0.484737929,"s":0.087436905,"e":2.41448576,"t":4.158621916,"torB":0,"torS":0,"torE":0,"torH":0, "spd":0.2, "acc":2},
"2": {"T":104,"x":220.234424,"y":-108.0862696,"z":205.91957291,"b":-0.484737929,"s":-0.138058271,"e":2.285631374,"t":3.730641276,"torB":0,"torS":0,"torE":0,"torH":0, "spd":0.2, "acc":2},
"1": {"T":104,"x":300,"y":0,"z":270,"t":3, "spd":0.2, "acc":2}
}

