{
"7": {"T":104,"x":300,"y":0,"z":270,"t":3, "spd":0.2, "acc":2},
"6": {"T":104,"x":238.6241501,"y":-69.1997212,"z":38.93364699,"b":-0.282252465,"s":0.073631078,"e":2.267223604,"t":4.292078245,"torB":0,"torS":104,"torE":20,"torH":0,"spd":0.2, "acc":2},
"5": {"T":104,"x":241.9811101,"y":-71.17322155,"z":-10.9000252,"b":-0.282252465,"s":0.299126254,"e":2.262621662,"t":4.292078245,"torB":0,"torS":20,"torE":0,"torH":0,"spd":0.2, "acc":2},
"4": {"T":104,"x":230.2991282,"y":-70.50193086,"z":-4.035537333,"b":-0.283786446,"s":0.256174792,"e":2.281029432,"t":4.169359781,"torB":0,"torS":0,"torE":0,"torH":0,"spd":0.2, "acc":2,"release": true},
"3": {"T":104,"x":230.2251209,"y":-72.18868765,"z":11.09734234,"b":-0.283786446,"s":0.171805848,"e":2.285631374,"t":4.165612204,"torB":0,"torS":40,"torE":0,"torH":0, "spd":0.2, "acc":2},
"2": {"T":104,"x":255.2438503,"y":-75.01344819,"z":125.95971725,"b":-0.268446638,"s":0.016873789,"e":2.207398354,"t":3.83312674,"torB":0,"torS":24,"torE":20,"torH":0, "spd":0.2, "acc":2},
"1": {"T":104,"x":300,"y":0,"z":270,"t":3, "spd":0.2, "acc":2}
}

