{
"6": {"T":104,"x":300,"y":0,"z":270,"t":3, "spd":0.2, "acc":2},
"5": {"T":104,"x":200.4376316,"y":111.2451605,"z":29.18791542,"b":0.535359295,"s":-0.044485443,"e":2.455903241,"t":4.240874381,"torB":0,"torS":-20,"torE":24,"torH":0,"spd":0.2, "acc":2},
"4": {"T":104,"x":189.7570535,"y":121.0277609,"z":-20.04107458,"b":0.535359295,"s":0.250038868,"e":2.448233337,"t":4.140874381,"torB":0,"torS":0,"torE":92,"torH":0,"spd":0.2, "acc":2,"release": true},
"3": {"T":104,"x":206.3632685,"y":120.284414,"z":14.48999456,"b":0.535359295,"s":0.088970886,"e":2.377670221,"t":4.040874381,"torB":0,"torS":0,"torE":20,"torH":0, "spd":0.2, "acc":2},
"2": {"T":104,"x":205.3632685,"y":118.284414,"z":144.48999456,"b":0.535359295,"s":0.088970886,"e":2.377670221,"t":3.681922877,"torB":0,"torS":0,"torE":20,"torH":0, "spd":0.2, "acc":2},
"1": {"T":104,"x":300,"y":0,"z":270,"t":3, "spd":0.2, "acc":2}
}
